IndID,Year,Date,SourceInfo,Source,Cluster,GroupID,Island,Distinctiveness,NoPhotos,Quality
HIPc011,2010,8/14/2010,RWB Enc 1,1,2,115,Hawaii,4,152,4
HIPc011,2011,8/20/2011,RWB Enc 1,1,2,144,Hawaii,4,118,3
HIPc015,2010,8/14/2010,RWB Enc 1,1,2,115,Hawaii,4,24,3
HIPc015,2015,6/6/2015,RWB Enc 1,1,2,239,Hawaii,4,470,3
HIPc032,2008,7/26/2008,RWB Enc 1,1,1,80,Hawaii,4,45,4
HIPc032,2008,8/1/2008,DJM,2,1,83,Hawaii,4,22,4
HIPc032,2009,10/5/2009,PIFSC,2,1,171,Oahu,4,109,4
HIPc032,2010,8/5/2010,RWB Enc 1,1,1,112,Hawaii,4,32,4
HIPc032,2010,8/6/2010,RWB Enc 2,1,1,113,Hawaii,4,44,4
HIPc039,2005,3/3/2005,Mark Deakos/Salden?,2,1,41,Maui,3,5,4
HIPc039,2010,8/5/2010,RWB Enc 1,1,1,112,Hawaii,3,27,4
HIPc039,2010,8/6/2010,RWB Enc 2,1,1,113,Hawaii,3,36,3
HIPc039,2010,8/11/2010,RWB Enc 1,1,1,114,Hawaii,3,80,4
HIPc039,2010,12/11/2010,RWB Enc 2,1,1,137,Hawaii,3,21,4
HIPc040,2005,2/18/2005,CFWS,3,1,40,Maui,4,13,3
HIPc101,2000,12/9/2000,RWB Enc 1,1,1,19,Maui,3,9,4
HIPc101,2009,12/19/2009,RWB Enc 1,1,1,108,Hawaii,3,72,4
HIPc102,2000,12/9/2000,RWB Enc 1,1,1,19,Maui,4,8,3
HIPc102,2001,2/28/2001,RWB Enc 1,1,1,22,Maui,4,20,4
HIPc102,2004,1/21/2004,Dan Salden,2,1,30,Maui,4,10,3
HIPc102,2008,6/26/2008,DJM,2,1,77,Hawaii,4,24,4
HIPc102,2008,7/16/2008,RWB Enc 1,1,1,79,Hawaii,4,76,4
HIPc102,2008,8/28/2008,DJM,2,1,84,Hawaii,4,15,4
HIPc102,2009,4/8/2009,Dan Salden,2,1,100,Maui,4,1,4
HIPc102,2009,10/16/2009,PIFSC,2,1,103,Oahu,4,133,4
HIPc102,2010,7/28/2010,RWB Enc 2,1,1,111,Hawaii,4,94,3
HIPc102,2010,8/5/2010,RWB Enc 1,1,1,112,Hawaii,4,76,4
HIPc102,2010,8/11/2010,RWB Enc 1,1,1,114,Hawaii,4,13,4
HIPc102,2010,8/16/2010,RWB Enc 1,1,1,116,Hawaii,4,20,3
HIPc102,2011,2/25/2011,Dan Salden,2,1,141,Maui,4,15,4
HIPc102,2013,3/4/2013,DJM,2,1,180,Hawaii,4,115,4
HIPc102,2013,3/4/2013,James Begeman,3,1,209,Hawaii,4,2,3
HIPc102,2014,9/16/2014,Alexa Vitek,3,1,218,Oahu,4,3,3
HIPc102,2014,11/4/2014,PIFSC,2,1,228,Oahu,4,83,3
HIPc102,2015,6/30/2015,Babbitt/Cullins/Johnson/Vitek,2,1,247,Oahu,4,56,3
HIPc103,2000,12/9/2000,RWB Enc 1,1,1,19,Maui,4,10,3
HIPc103,2005,3/3/2005,Mark Deakos/Salden?,2,1,41,Maui,4,16,4
HIPc103,2007,8/15/2007,RWB Enc 4,1,1,63,Hawaii,4,13,4
HIPc103,2008,6/26/2008,DJM,2,1,77,Hawaii,4,35,4
HIPc103,2008,7/26/2008,RWB Enc 1,1,1,80,Hawaii,4,75,3
HIPc103,2008,8/1/2008,DJM,2,1,83,Hawaii,4,6,4
HIPc103,2009,4/8/2009,Dan Salden,2,1,100,Maui,4,1,4
HIPc103,2009,10/5/2009,Tori Cullins,2,1,173,Oahu,4,18,3
HIPc103,2009,10/16/2009,PIFSC,2,1,103,Oahu,4,74,4
HIPc103,2010,8/5/2010,RWB Enc 1,1,1,112,Hawaii,4,81,4
HIPc103,2010,8/16/2010,RWB Enc 1,1,1,116,Hawaii,4,19,3
HIPc103,2011,8/25/2011,RWB Enc 1,1,1,145,Hawaii,4,105,3
HIPc103,2013,3/6/2013,DJM,2,1,206,Hawaii,4,16,3
HIPc103,2013,9/13/2013,Tori Cullins,2,1,189,Oahu,4,92,3
HIPc103,2015,1/1/2015,DJM,2,1,245,Hawaii,4,42,3
HIPc103,2015,6/30/2015,Babbitt/Cullins/Johnson/Vitek,2,1,247,Oahu,4,14,3
HIPc103,2015,11/16/2015,Tori Cullins/Paul Johnson/Jim Ault,2,1,271,Oahu,4,23,3
HIPc104,2000,12/9/2000,RWB Enc 1,1,1,19,Maui,4,1,3
HIPc104,2000,12/21/2000,RWB Enc 1,1,1,20,Maui,4,6,4
HIPc104,2009,12/19/2009,RWB Enc 1,1,1,108,Hawaii,4,103,4
HIPc104,2012,3/8/2012,DJM,2,1,160,Hawaii,4,19,3
HIPc105,2000,11/27/2000,RWB Enc 1,1,1,18,Maui,4,16,4
HIPc105,2012,3/8/2012,DJM,2,1,160,Hawaii,4,19,4
HIPc106,2000,3/4/2000,RWB,1,1,17,Maui,2,17,3
HIPc106,2005,3/3/2005,Mark Deakos/Salden?,2,1,41,Maui,2,19,4
HIPc106,2006,2/23/2006,HIWS,2,1,50,Maui,2,11,4
HIPc106,2007,9/8/2007,Tori Cullins,2,1,64,Oahu,3,9,3
HIPc106,2009,9/24/2009,Tori Cullins,2,1,98,Oahu,3,8,3
HIPc106,2010,1/8/2010,Rachel Cartwright,3,1,109,Maui,3,5,4
HIPc106,2010,8/5/2010,RWB Enc 1,1,1,112,Hawaii,3,32,4
HIPc106,2010,8/11/2010,RWB Enc 1,1,1,114,Hawaii,3,34,4
HIPc106,2010,8/16/2010,RWB Enc 1,1,1,116,Hawaii,3,49,3
HIPc106,2011,4/12/2011,Mark Deakos,2,1,142,Maui,3,23,3
HIPc106,2014,4/17/2014,DJM/Deron,2,1,214,Hawaii,3,88,3
HIPc106,2015,3/9/2015,Ed Lyman,3,1,243,Maui,3,16,4
HIPc107,2000,3/4/2000,RWB,1,1,17,Maui,3,12,4
HIPc107,2001,2/28/2001,RWB Enc 1,1,1,22,Maui,3,5,4
HIPc107,2007,8/15/2007,RWB Enc 4,1,1,63,Hawaii,3,231,4
HIPc107,2008,7/27/2008,RWB Enc 1&3,1,1,81,Hawaii,3,96,4
HIPc107,2009,12/18/2009,RWB Enc 4,1,1,107,Hawaii,3,149,3
HIPc107,2010,8/5/2010,RWB Enc 1,1,1,112,Hawaii,3,114,4
HIPc107,2010,8/16/2010,RWB Enc 1,1,1,116,Hawaii,3,158,4
HIPc107,2010,10/22/2010,RWB Enc 2,1,1,131,Oahu,3,24,3
HIPc107,2011,1/27/2011,DJM,2,1,139,Hawaii,3,28,3
HIPc107,2011,10/26/2011,Jim Ward,3,1,191,Oahu,3,9,3
HIPc108,2000,11/27/2000,RWB Enc 1,1,1,18,Maui,1,12,3
HIPc110,2000,12/9/2000,RWB Enc 1,1,1,19,Maui,2,7,4
HIPc111,2000,11/27/2000,RWB Enc 1,1,1,18,Maui,4,9,4
HIPc111,2000,12/21/2000,RWB Enc 1,1,1,20,Maui,4,22,4
HIPc111,2008,2/20/2008,Alison Stimpert,3,1,69,Maui,4,2,4
HIPc111,2009,12/19/2009,RWB Enc 1,1,1,108,Hawaii,4,48,3
HIPc114,2000,3/4/2000,RWB,1,1,17,Maui,4,25,4
HIPc114,2006,2/23/2006,Dan Salden,2,1,50,Maui,4,50,4
HIPc114,2006,4/11/2006,Dan Salden,2,1,53,Maui,4,29,3
HIPc114,2007,10/18/2007,Tori Cullins,2,1,66,Oahu,4,5,4
HIPc114,2008,7/16/2008,RWB Enc 1,1,1,79,Hawaii,4,23,4
HIPc114,2008,7/27/2008,RWB Enc 3,1,1,81,Hawaii,4,47,4
HIPc114,2008,8/1/2008,DJM,2,1,83,Hawaii,4,21,4
HIPc114,2010,8/5/2010,RWB Enc 1,1,1,112,Hawaii,4,87,4
HIPc114,2010,8/6/2010,RWB Enc 2,1,1,113,Hawaii,4,71,4
HIPc114,2010,8/16/2010,RWB Enc 1,1,1,116,Hawaii,4,43,4
HIPc114,2011,8/25/2011,RWB Enc 1,1,1,145,Hawaii,4,87,4
HIPc114,2012,9/1/2012,Tori Cullins/Chuck Babbitt,2,1,170,Oahu,4,47,3
HIPc114,2014,4/17/2014,DJM/Deron,2,1,214,Hawaii,4,45,3
HIPc114,2015,1/1/2015,DJM/Deron/Doug Perrine/Julie Steelman,2,1,235,Hawaii,4,83,3
HIPc115,2000,3/4/2000,RWB,1,1,17,Maui,4,8,3
HIPc115,2001,2/28/2001,RWB Enc 1,1,1,22,Maui,4,11,4
HIPc115,2008,6/26/2008,DJM,2,1,77,Hawaii,4,21,4
HIPc115,2008,7/27/2008,RWB Enc 1,1,1,81,Hawaii,4,43,4
HIPc115,2009,12/18/2009,RWB Enc 4,1,1,107,Hawaii,4,148,4
HIPc115,2010,8/5/2010,RWB Enc 1,1,1,112,Hawaii,4,79,4
HIPc115,2010,8/11/2010,RWB Enc 1,1,1,114,Hawaii,4,83,4
HIPc115,2010,8/16/2010,RWB Enc 1,1,1,116,Hawaii,4,71,4
HIPc115,2010,10/22/2010,RWB Enc 2,1,1,131,Oahu,4,33,4
HIPc115,2011,4/12/2011,Mark Deakos,2,1,142,Maui,4,3,3
HIPc115,2011,8/25/2011,RWB Enc 1,1,1,145,Hawaii,4,41,3
HIPc115,2012,3/8/2012,DJM,2,1,160,Hawaii,4,16,3
HIPc116,2000,3/4/2000,RWB,1,1,17,Maui,4,4,3
HIPc116,2001,2/28/2001,RWB Enc 1,1,1,22,Maui,4,2,4
HIPc116,2006,9/9/2006,DJM,2,1,55,Hawaii,4,20,4
HIPc116,2007,10/18/2007,Tori Cullins,2,1,66,Oahu,4,8,3
HIPc116,2008,7/16/2008,RWB Enc 1,1,1,79,Hawaii,4,267,4
HIPc116,2008,7/27/2008,RWB Enc 1,1,1,81,Hawaii,4,68,4
HIPc116,2009,10/5/2009,PIFSC,2,1,171,Oahu,4,265,4
HIPc116,2010,8/5/2010,RWB Enc 1,1,1,112,Hawaii,4,58,3
HIPc116,2010,8/16/2010,RWB Enc 1,1,1,116,Hawaii,4,129,4
HIPc116,2010,8/23/2010,Tori Cullins,2,1,118,Oahu,4,34,3
HIPc116,2010,10/22/2010,RWB Enc 2,1,1,131,Oahu,4,230,4
HIPc116,2011,8/25/2011,RWB Enc 1,1,1,145,Hawaii,4,110,4
HIPc117,2000,3/4/2000,RWB,1,1,17,Maui,4,3,3
HIPc117,2005,2/18/2005,CFWS,3,1,40,Maui,4,6,3
HIPc117,2005,3/3/2005,Mark Deakos/Salden?,2,1,41,Maui,4,35,4
HIPc117,2006,11/21/2006,Tori Cullins,2,1,57,Oahu,4,12,4
HIPc117,2007,8/15/2007,RWB Enc 4,1,1,63,Hawaii,4,62,4
HIPc117,2008,7/16/2008,RWB Enc 1,1,1,79,Hawaii,4,159,4
HIPc117,2009,12/18/2009,RWB Enc 4,1,1,107,Hawaii,4,60,4
HIPc117,2010,8/5/2010,RWB Enc 1,1,1,112,Hawaii,4,183,4
HIPc117,2011,1/27/2011,DJM,2,1,139,Hawaii,4,15,4
HIPc117,2011,8/25/2011,RWB Enc 1,1,1,145,Hawaii,4,28,3
HIPc117,2012,9/1/2012,Tori Cullins/Chuck Babbitt,2,1,170,Oahu,4,186,3
HIPc117,2013,11/6/2013,CRC/Chuck Babbitt/Jim Ward,2,1,199,Oahu,4,27,3
HIPc117,2014,4/17/2014,DJM,2,1,214,Hawaii,4,16,3
HIPc118,2000,3/4/2000,RWB,1,1,17,Maui,4,21,4
HIPc118,2003,4/15/2003,Dan Salden,2,1,27,Maui,4,20,3
HIPc118,2004,1/21/2004,Dan Salden,2,1,30,Maui,4,9,4
HIPc119,2000,12/9/2000,RWB Enc 1,1,1,19,Maui,4,9,3
HIPc119,2008,7/16/2008,RWB Enc 1,1,1,79,Hawaii,4,135,4
HIPc119,2008,8/1/2008,DJM,2,1,83,Hawaii,4,22,4
HIPc119,2009,10/16/2009,PIFSC,2,1,103,Oahu,4,171,4
HIPc119,2010,8/6/2010,RWB Enc 2,1,1,113,Hawaii,4,44,3
HIPc119,2010,8/16/2010,RWB Enc 1,1,1,116,Hawaii,4,126,3
HIPc119,2010,10/22/2010,Tori Cullins/RWB Enc2,2,1,131,Oahu,4,87,4
HIPc119,2011,8/25/2011,RWB Enc 1,1,1,145,Hawaii,4,69,3
HIPc120,2000,3/4/2000,RWB,1,1,17,Maui,3,6,3
HIPc120,2004,1/21/2004,Dan Salden,2,1,30,Maui,3,11,4
HIPc120,2005,3/3/2005,Mark Deakos/Salden?,2,1,41,Maui,3,2,3
HIPc120,2007,2/17/2007,Doug Perrine,3,1,59,Hawaii,4,2,4
HIPc120,2007,11/8/2007,Tori Cullins,2,1,67,Oahu,4,3,3
HIPc120,2008,6/26/2008,DJM,2,1,77,Hawaii,4,15,4
HIPc120,2008,7/16/2008,RWB Enc 1,1,1,79,Hawaii,4,190,4
HIPc120,2008,7/26/2008,RWB Enc 1,1,1,80,Hawaii,4,160,4
HIPc120,2008,7/27/2008,RWB Enc 1&3,1,1,81,Hawaii,4,168,4
HIPc120,2008,8/1/2008,DJM,2,1,83,Hawaii,4,27,4
HIPc120,2009,10/5/2009,PIFSC,2,1,171,Oahu,4,35,4
HIPc120,2009,10/16/2009,PIFSC,2,1,103,Oahu,4,20,4
HIPc120,2010,7/28/2010,RWB Enc 2,1,1,111,Hawaii,4,117,3
HIPc120,2010,8/5/2010,RWB Enc 1,1,1,112,Hawaii,4,39,4
HIPc120,2010,8/6/2010,RWB Enc 2,1,1,113,Hawaii,4,55,3
HIPc120,2010,8/11/2010,RWB Enc 1,1,1,114,Hawaii,4,29,3
HIPc120,2010,8/16/2010,RWB Enc 1,1,1,116,Hawaii,4,71,3
HIPc120,2011,4/12/2011,Mark Deakos,2,1,142,Maui,4,32,4
HIPc120,2011,8/25/2011,RWB Enc 1,1,1,145,Hawaii,4,42,3
HIPc121,2001,2/28/2001,RWB Enc 1,1,1,22,Maui,4,9,4
HIPc121,2005,3/3/2005,Mark Deakos/Salden?,2,1,41,Maui,4,51,4
HIPc121,2007,8/15/2007,RWB Enc 4,1,1,63,Hawaii,4,33,4
HIPc121,2008,1/8/2008,Tori Cullins,2,1,68,Oahu,4,15,4
HIPc121,2008,6/26/2008,DJM,2,1,77,Hawaii,4,37,4
HIPc121,2008,7/27/2008,RWB Enc 3,1,1,81,Hawaii,4,43,4
HIPc121,2008,8/1/2008,DJM,2,1,83,Hawaii,4,11,3
HIPc121,2008,8/28/2008,DJM/Doug Perrine,2,1,84,Hawaii,4,36,4
HIPc121,2009,4/8/2009,Dan Salden,2,1,100,Maui,4,2,4
HIPc121,2009,10/5/2009,Tori Cullins,2,1,173,Oahu,4,26,3
HIPc121,2010,8/11/2010,RWB Enc 1,1,1,114,Hawaii,4,54,4
HIPc121,2013,3/4/2013,DJM,2,1,180,Hawaii,4,40,4
HIPc121,2014,10/8/2014,RWB Enc 7,1,1,224,Kauai,4,190,3
HIPc121,2015,10/10/2015,Chuck Babbitt,3,1,261,Oahu,4,45,3
HIPc121,2015,11/9/2015,Paul Johnson,3,1,264,Oahu,4,31,3
HIPc122,2000,11/27/2000,RWB Enc 1,1,1,18,Maui,2,12,4
HIPc122,2009,12/18/2009,RWB Enc 4,1,1,107,Hawaii,4,276,4
HIPc125,2000,12/21/2000,RWB Enc 1,1,1,20,Maui,3,14,4
HIPc125,2008,2/20/2008,Alison Stimpert,3,1,69,Maui,4,4,3
HIPc126,2003,3/21/2003,Dan Salden,2,1,26,Maui,4,1,3
HIPc126,2012,3/8/2012,DJM,2,1,160,Hawaii,4,27,4
HIPc127,2000,3/4/2000,RWB,1,1,17,Maui,3,4,3
HIPc127,2007,8/15/2007,RWB Enc 4,1,1,63,Hawaii,3,125,4
HIPc127,2009,12/18/2009,RWB Enc 4,1,1,107,Hawaii,3,55,3
HIPc127,2010,8/5/2010,RWB Enc 1,1,1,112,Hawaii,4,76,4
HIPc127,2010,8/16/2010,RWB Enc 1,1,1,116,Hawaii,4,39,4
HIPc127,2014,4/17/2014,DJM/Deron,2,1,214,Hawaii,4,51,3
HIPc128,2000,12/9/2000,RWB Enc 1,1,1,19,Maui,1,7,3
HIPc129,2001,2/28/2001,RWB Enc 1,1,1,22,Maui,4,13,4
HIPc129,2004,3/16/2004,A. Frankel BI,3,1,31,Hawaii,4,7,4
HIPc129,2006,4/11/2006,Dan Salden,2,1,53,Maui,4,16,3
HIPc129,2006,9/9/2006,DJM,2,1,55,Hawaii,4,15,4
HIPc129,2008,7/16/2008,RWB Enc 1,1,1,79,Hawaii,4,109,4
HIPc129,2008,7/27/2008,RWB Enc 1,1,1,81,Hawaii,4,89,4
HIPc129,2009,12/18/2009,RWB Enc 4,1,1,107,Hawaii,4,262,4
HIPc129,2010,8/5/2010,RWB Enc 1,1,1,112,Hawaii,4,56,4
HIPc129,2010,8/16/2010,RWB Enc 1,1,1,116,Hawaii,4,126,3
HIPc129,2011,8/25/2011,RWB Enc 1,1,1,145,Hawaii,4,52,3
HIPc129,2014,4/17/2014,DJM,2,1,214,Hawaii,4,38,3
HIPc130,2001,2/28/2001,RWB Enc 1,1,1,22,Maui,3,6,3
HIPc131,2001,2/28/2001,RWB Enc 1,1,1,22,Maui,3,3,3
HIPc131,2005,3/3/2005,Mark Deakos/Salden?,2,1,41,Maui,4,26,4
HIPc131,2008,7/26/2008,RWB Enc 1,1,1,80,Hawaii,4,173,4
HIPc131,2009,9/24/2009,Tori Cullins,2,1,98,Oahu,4,14,3
HIPc131,2010,8/16/2010,RWB Enc 1,1,1,116,Hawaii,4,95,3
HIPc131,2011,4/12/2011,Mark Deakos,2,1,142,Maui,4,11,3
HIPc132,2001,2/28/2001,RWB Enc 1,1,1,22,Maui,4,9,4
HIPc132,2003,4/15/2003,Dan Salden/Mark Deakos,2,1,27,Maui,4,19,3
HIPc132,2005,3/3/2005,Mark Deakos/Salden?,2,1,41,Maui,4,12,4
HIPc132,2008,7/27/2008,RWB Enc 1&3,1,1,81,Hawaii,4,102,4
HIPc132,2010,8/5/2010,RWB Enc 1,1,1,112,Hawaii,4,92,4
HIPc132,2010,10/7/2010,Tori Cullins,2,1,126,Oahu,4,32,3
HIPc132,2010,10/22/2010,RWB Enc 2,1,1,131,Oahu,4,148,4
HIPc132,2011,4/12/2011,Mark Deakos,2,1,142,Maui,4,17,3
HIPc132,2011,8/25/2011,RWB Enc 1,1,1,145,Hawaii,4,39,3
HIPc133,2004,9/13/2004,RWB Enc 4,1,1,33,Hawaii,3,30,4
HIPc133,2005,3/3/2005,Mark Deakos/Salden?,2,1,41,Maui,3,12,4
HIPc133,2006,2/23/2006,Dan Salden,2,1,50,Maui,3,15,4
HIPc133,2006,4/11/2006,Dan Salden,2,1,53,Maui,3,10,3
HIPc133,2008,1/8/2008,Tori Cullins,2,1,68,Oahu,3,8,4
HIPc133,2008,7/16/2008,RWB Enc 1,1,1,79,Hawaii,3,111,4
HIPc133,2008,10/4/2008,Tori Cullins,2,1,87,Oahu,3,7,3
HIPc133,2009,9/24/2009,Tori Cullins,2,1,98,Oahu,3,13,3
HIPc133,2009,10/5/2009,Tori Cullins,2,1,173,Oahu,3,9,3
HIPc133,2009,10/17/2009,PIFSC,2,1,104,Oahu,3,28,3
HIPc133,2010,8/5/2010,RWB Enc 1,1,1,112,Hawaii,4,36,4
HIPc133,2010,8/11/2010,RWB Enc 1,1,1,114,Hawaii,4,119,4
HIPc133,2011,4/12/2011,Mark Deakos,2,1,142,Maui,4,8,3
HIPc133,2011,8/25/2011,RWB Enc 1,1,1,145,Hawaii,4,96,3
HIPc133,2013,3/6/2013,DJM,2,1,206,Hawaii,4,50,3
HIPc133,2015,6/30/2015,Babbitt/Cullins/Johnson/Vitek,2,1,247,Oahu,4,81,3
HIPc133,2015,11/5/2015,Tori Cullins/Paul Johnson,2,1,262,Oahu,4,18,3
HIPc134,2001,2/28/2001,RWB Enc 1,1,1,22,Maui,4,6,4
HIPc134,2005,2/17/2005,Mark Deakos/Salden?,2,1,39,Maui,4,4,3
HIPc134,2005,3/30/2005,Mark Deakos/Salden?,2,1,44,Maui,4,12,3
HIPc134,2007,9/8/2007,Tori Cullins,2,1,64,Oahu,4,12,3
HIPc134,2008,7/16/2008,RWB Enc 1,1,1,79,Hawaii,4,153,4
HIPc134,2008,7/26/2008,RWB Enc 1,1,1,80,Hawaii,4,347,4
HIPc134,2008,8/29/2008,DJM/Doug Perrine,2,1,85,Hawaii,4,67,4
HIPc134,2008,12/24/2008,Peggy Stapp,3,1,92,Maui,4,19,4
HIPc135,2001,2/28/2001,RWB Enc 1,1,1,22,Maui,4,11,4
HIPc135,2005,3/3/2005,Mark Deakos/Salden?,2,1,41,Maui,4,7,4
HIPc135,2008,7/16/2008,RWB Enc 1,1,1,79,Hawaii,4,209,4
HIPc135,2008,8/1/2008,DJM,2,1,83,Hawaii,4,13,4
HIPc135,2010,10/22/2010,RWB Enc 2,1,1,131,Oahu,4,39,3
HIPc135,2011,4/12/2011,Mark Deakos,2,1,142,Maui,4,8,3
HIPc135,2014,4/17/2014,DJM,2,1,214,Hawaii,4,69,3
HIPc138,2001,2/28/2001,RWB Enc 1,1,1,22,Maui,3,2,3
HIPc138,2005,3/3/2005,Mark Deakos/Salden?,2,1,41,Maui,3,24,4
HIPc138,2008,7/16/2008,RWB Enc 1,1,1,79,Hawaii,3,136,4
HIPc138,2008,7/26/2008,RWB Enc 1,1,1,80,Hawaii,3,33,3
HIPc138,2008,7/27/2008,RWB Enc 3,1,1,81,Hawaii,3,23,4
HIPc138,2008,8/1/2008,DJM,2,1,83,Hawaii,3,39,4
HIPc138,2009,9/24/2009,Tori Cullins,2,1,98,Oahu,3,20,3
HIPc138,2009,10/26/2009,Tori Cullins,2,1,105,Oahu,3,13,3
HIPc138,2010,8/5/2010,RWB Enc 1,1,1,112,Hawaii,3,54,4
HIPc138,2011,1/27/2011,DJM,2,1,139,Hawaii,3,16,3
HIPc138,2011,4/12/2011,Mark Deakos,2,1,142,Maui,3,2,3
HIPc138,2013,10/21/2013,RWB Enc 3,1,1,197,Hawaii,3,49,3
HIPc138,2013,11/25/2013,Jim Ward,3,1,201,Oahu,3,20,3
HIPc138,2014,4/17/2014,DJM/Deron,2,1,214,Hawaii,3,30,3
HIPc139,2001,2/28/2001,RWB Enc 1,1,1,22,Maui,3,3,4
HIPc143,2001,2/28/2001,RWB Enc 1,1,2,22,Maui,3,11,3
HIPc143,2004,9/13/2004,RWB Enc 4,1,2,33,Hawaii,3,15,4
HIPc143,2010,8/14/2010,RWB Enc 1,1,2,115,Hawaii,3,64,4
HIPc143,2011,8/20/2011,RWB Enc 1,1,2,144,Hawaii,3,25,4
HIPc144,2001,2/28/2001,RWB Enc 1,1,1,22,Maui,2,13,3
HIPc145,2001,2/28/2001,RWB Enc 1,1,1,22,Maui,3,10,3
HIPc145,2004,1/21/2004,Dan Salden,2,1,30,Maui,3,2,4
HIPc145,2007,9/8/2007,Tori Cullins,2,1,64,Oahu,4,12,3
HIPc145,2008,7/16/2008,RWB Enc 1,1,1,79,Hawaii,4,73,4
HIPc145,2008,7/26/2008,RWB Enc 1,1,1,80,Hawaii,4,75,4
HIPc145,2008,8/1/2008,DJM,2,1,83,Hawaii,4,15,4
HIPc145,2008,8/29/2008,DJM/Doug Perrine,2,1,85,Hawaii,4,44,4
HIPc145,2008,10/17/2008,Tori Cullins,2,1,88,Oahu,4,13,3
HIPc145,2009,10/17/2009,PIFSC,2,1,104,Oahu,4,472,4
HIPc145,2010,8/5/2010,RWB Enc 1,1,1,112,Hawaii,4,42,4
HIPc145,2010,8/23/2010,Tori Cullins,2,1,118,Oahu,4,7,3
HIPc145,2012,9/1/2012,Tori Cullins,2,1,170,Oahu,4,49,3
HIPc145,2013,3/6/2013,DJM,2,1,206,Hawaii,4,69,4
HIPc145,2013,9/13/2013,Tori Cullins,2,1,189,Oahu,4,12,3
HIPc145,2014,8/31/2014,Paul Johnson,3,1,217,Oahu,4,14,3
HIPc145,2014,9/16/2014,Alexa Vitek,3,1,218,Oahu,4,28,4
HIPc146,2001,2/28/2001,RWB Enc 1,1,1,22,Maui,3,14,3
HIPc148,2000,12/9/2000,RWB Enc 1,1,1,19,Maui,2,2,3
HIPc149,2002,9/30/2002,RWB Enc 3,1,2,25,Hawaii,3,6,3
HIPc149,2005,8/7/2005,PICEAS,2,2,45,Hawaii,3,2,4
HIPc149,2010,8/14/2010,RWB Enc 1,1,2,115,Hawaii,3,81,4
HIPc149,2011,8/20/2011,RWB Enc 1,1,2,144,Hawaii,3,136,4
HIPc150,2006,11/16/2006,RWB Enc 2,1,2,56,Hawaii,3,21,4
HIPc150,2010,8/14/2010,RWB Enc 1,1,2,115,Hawaii,4,131,4
HIPc150,2011,8/20/2011,RWB Enc 1,1,2,144,Hawaii,4,44,3
HIPc151,2004,9/13/2004,RWB Enc 4,1,2,33,Hawaii,4,3,4
HIPc153,2002,9/30/2002,RWB Enc 3,1,2,25,Hawaii,4,4,3
HIPc154,2002,9/30/2002,RWB Enc 3,1,2,25,Hawaii,3,4,3
HIPc154,2010,8/14/2010,RWB Enc 1,1,2,115,Hawaii,3,30,4
HIPc155,2004,11/27/2004,RWB Enc 5,1,3,35,Hawaii,1,56,4
HIPc155,2010,12/11/2010,RWB Enc 2,1,3,137,Hawaii,1,211,4
HIPc155,2011,10/26/2011,RWB Enc 1,1,3,158,Hawaii,2,400,3
HIPc156,2002,5/1/2002,RWB Enc 3,1,3,24,Oahu,4,1,3
HIPc156,2003,5/26/2003,RWB Enc 2,1,3,28,Oahu,4,15,4
HIPc157,2003,5/26/2003,RWB Enc 2,1,3,28,Oahu,3,9,4
HIPc157,2004,10/6/2004,RWB Enc 3,1,3,34,Hawaii,3,26,4
HIPc157,2008,4/24/2008,Tori Cullins,2,3,73,Oahu,3,7,3
HIPc158,2003,5/26/2003,RWB Enc 2,1,3,28,Oahu,3,54,4
HIPc158,2008,4/24/2008,Tori Cullins,2,3,73,Oahu,4,34,4
HIPc158,2008,12/10/2008,RWB Enc 4,1,3,91,Hawaii,4,97,3
HIPc158,2009,4/25/2009,Chuck Babbitt,3,3,96,Oahu,4,1,3
HIPc158,2010,10/15/2010,RWB Enc 2,1,3,128,Oahu,4,154,3
HIPc158,2015,9/24/2015,Colin Cornforth,3,3,260,Hawaii,4,1,3
HIPc158,2015,12/5/2015,Doug Perrine,3,3,265,Hawaii,4,6,3
HIPc159,2003,5/26/2003,RWB Enc 2,1,3,28,Oahu,4,63,4
HIPc159,2004,9/13/2004,RWB Enc 4,1,3,33,Hawaii,4,12,4
HIPc159,2004,11/27/2004,RWB Enc 5,1,3,35,Hawaii,4,48,4
HIPc159,2004,12/3/2004,RWB Enc 3,1,3,36,Hawaii,4,54,4
HIPc159,2008,4/24/2008,Tori Cullins,2,3,73,Oahu,4,19,4
HIPc159,2008,9/10/2008,DJM,2,3,86,Hawaii,4,13,3
HIPc159,2010,10/15/2010,RWB Enc 2,1,3,128,Oahu,4,102,4
HIPc159,2010,12/11/2010,RWB Enc 2,1,3,137,Hawaii,4,221,4
HIPc159,2011,10/26/2011,RWB Enc 1,1,3,158,Hawaii,4,76,3
HIPc159,2014,5/17/2014,Chuck Babbitt,3,3,215,Oahu,4,35,3
HIPc160,2003,5/26/2003,RWB Enc 2,1,3,28,Oahu,4,37,4
HIPc161,2003,5/26/2003,RWB Enc 2,1,3,28,Oahu,3,16,4
HIPc161,2004,9/13/2004,RWB Enc 4,1,3,33,Hawaii,3,60,4
HIPc161,2008,9/10/2008,DJM/Doug Perrine,2,3,86,Hawaii,3,40,4
HIPc161,2010,10/15/2010,RWB Enc 2,1,3,128,Oahu,3,70,3
HIPc161,2011,10/26/2011,RWB Enc 1,1,3,158,Hawaii,3,441,4
HIPc162,2003,5/26/2003,RWB Enc 2,1,3,28,Oahu,3,12,4
HIPc162,2004,11/27/2004,RWB Enc 5,1,3,35,Hawaii,3,64,4
HIPc162,2004,12/3/2004,RWB Enc 3,1,3,36,Hawaii,3,50,4
HIPc162,2007,7/20/2007,Tori Cullins,2,3,62,Oahu,3,12,3
HIPc162,2011,10/26/2011,RWB Enc 1,1,3,158,Hawaii,3,441,4
HIPc163,2003,5/26/2003,RWB Enc 2,1,3,28,Oahu,3,17,4
HIPc163,2004,10/6/2004,RWB Enc 3,1,3,34,Hawaii,3,30,4
HIPc164,2003,5/26/2003,RWB Enc 2,1,3,28,Oahu,4,6,4
HIPc164,2004,9/13/2004,RWB Enc 4,1,3,33,Hawaii,4,12,4
HIPc164,2004,12/3/2004,RWB Enc 3,1,3,36,Hawaii,4,46,4
HIPc164,2008,4/24/2008,Tori Cullins,2,3,73,Oahu,4,20,4
HIPc164,2008,9/10/2008,DJM,2,3,86,Hawaii,4,13,4
HIPc164,2009,4/25/2009,Chuck Babbitt,3,3,96,Oahu,4,2,3
HIPc164,2010,10/15/2010,RWB Enc 2,1,3,128,Oahu,4,50,3
HIPc164,2010,12/15/2010,RWB Enc 3,1,3,138,Hawaii,4,83,4
HIPc164,2015,11/11/2015,RWB Enc 5,1,3,269,Hawaii,4,276,3
HIPc165,2003,5/26/2003,RWB Enc 2,1,3,28,Oahu,4,31,4
HIPc165,2004,11/27/2004,RWB Enc 5,1,3,35,Hawaii,4,35,4
HIPc166,2003,5/26/2003,RWB Enc 2,1,3,28,Oahu,4,5,4
HIPc166,2004,9/13/2004,RWB Enc 4,1,3,33,Hawaii,4,26,4
HIPc166,2004,10/6/2004,RWB Enc 3,1,3,34,Hawaii,4,41,4
HIPc166,2004,11/27/2004,RWB Enc 5,1,3,35,Hawaii,4,44,4
HIPc166,2008,9/10/2008,DJM,2,3,86,Hawaii,4,22,4
HIPc166,2009,5/20/2009,Tori Cullins,2,3,97,Oahu,4,28,4
HIPc166,2010,10/15/2010,RWB Enc 2,1,3,128,Oahu,4,14,3
HIPc166,2015,11/11/2015,RWB Enc 5,1,3,269,Hawaii,4,167,3
HIPc167,2003,5/26/2003,RWB Enc 2,1,3,28,Oahu,4,5,4
HIPc167,2004,10/6/2004,RWB Enc 3,1,3,34,Hawaii,4,7,3
HIPc168,2003,5/26/2003,RWB Enc 2,1,3,28,Oahu,3,15,4
HIPc168,2004,9/13/2004,RWB Enc 4,1,3,33,Hawaii,3,11,3
HIPc168,2004,10/6/2004,RWB Enc 3,1,3,34,Hawaii,3,36,4
HIPc168,2004,11/27/2004,RWB Enc 5,1,3,35,Hawaii,3,38,4
HIPc168,2008,9/10/2008,DJM,2,3,86,Hawaii,3,17,4
HIPc168,2010,10/15/2010,RWB Enc 2,1,3,128,Oahu,3,125,4
HIPc169,2003,5/26/2003,RWB Enc 2,1,3,28,Oahu,3,31,4
HIPc169,2004,9/13/2004,RWB Enc 4,1,3,33,Hawaii,3,14,3
HIPc169,2004,10/6/2004,RWB Enc 3,1,3,34,Hawaii,3,103,4
HIPc169,2004,11/27/2004,RWB Enc 5,1,3,35,Hawaii,3,43,4
HIPc169,2008,9/10/2008,DJM/Doug Perrine,2,3,86,Hawaii,3,40,4
HIPc169,2010,10/15/2010,RWB Enc 2,1,3,128,Oahu,3,36,4
HIPc169,2010,12/11/2010,RWB Enc 2,1,3,137,Hawaii,3,89,4
HIPc169,2011,10/26/2011,RWB Enc 1,1,3,158,Hawaii,3,241,3
HIPc170,2003,5/26/2003,RWB Enc 2,1,3,28,Oahu,4,13,4
HIPc170,2004,9/13/2004,RWB Enc 4,1,3,33,Hawaii,4,3,3
HIPc170,2004,10/6/2004,RWB Enc 3,1,3,34,Hawaii,4,29,4
HIPc170,2008,12/10/2008,RWB Enc 4,1,3,91,Hawaii,4,63,3
HIPc170,2010,10/15/2010,RWB Enc 2,1,3,128,Oahu,4,8,3
HIPc170,2010,12/11/2010,RWB Enc 2,1,3,137,Hawaii,4,134,3
HIPc170,2013,7/3/2013,Chuck Babbitt,3,3,182,Oahu,4,10,3
HIPc171,2003,5/26/2003,RWB Enc 2,1,3,28,Oahu,3,7,4
HIPc171,2004,9/13/2004,RWB Enc 4,1,3,33,Hawaii,3,13,3
HIPc171,2004,10/6/2004,RWB Enc 3,1,3,34,Hawaii,3,70,4
HIPc172,2003,5/26/2003,RWB Enc 2,1,3,28,Oahu,3,15,4
HIPc172,2004,9/13/2004,RWB Enc 4,1,3,33,Hawaii,3,13,4
HIPc172,2004,10/6/2004,RWB Enc 3,1,3,34,Hawaii,3,61,4
HIPc172,2008,12/10/2008,RWB Enc 4,1,3,91,Hawaii,4,40,3
HIPc173,2003,5/26/2003,RWB Enc 2,1,3,28,Oahu,4,4,4
HIPc173,2004,9/13/2004,RWB Enc 4,1,3,33,Hawaii,4,19,3
HIPc173,2004,10/6/2004,RWB Enc 3,1,3,34,Hawaii,4,16,4
HIPc173,2010,12/11/2010,RWB Enc 2,1,3,137,Hawaii,4,210,4
HIPc173,2014,5/17/2014,Chuck Babbitt,3,3,215,Oahu,4,7,3
HIPc173,2015,11/11/2015,RWB Enc 5,1,3,269,Hawaii,4,186,3
HIPc174,2003,5/26/2003,RWB Enc 2,1,3,28,Oahu,3,2,3
HIPc174,2004,10/6/2004,RWB Enc 3,1,3,34,Hawaii,3,9,4
HIPc174,2004,11/27/2004,RWB Enc 5,1,3,35,Hawaii,3,21,4
HIPc174,2008,9/10/2008,DJM/Doug Perrine,2,3,86,Hawaii,3,15,3
HIPc174,2009,5/20/2009,Tori Cullins,2,3,97,Oahu,3,7,3
HIPc174,2010,10/15/2010,RWB Enc 2,1,3,128,Oahu,3,67,4
HIPc176,2003,5/26/2003,RWB Enc 2,1,3,28,Oahu,2,2,3
HIPc176,2004,9/13/2004,RWB Enc 4,1,3,33,Hawaii,2,58,3
HIPc176,2004,10/6/2004,RWB Enc 3,1,3,34,Hawaii,2,55,4
HIPc176,2004,11/27/2004,RWB Enc 5,1,3,35,Hawaii,2,10,4
HIPc176,2008,9/10/2008,DJM,2,3,86,Hawaii,2,13,4
HIPc176,2010,10/15/2010,RWB Enc 2,1,3,128,Oahu,2,19,3
HIPc176,2014,5/17/2014,Chuck Babbitt,3,3,215,Oahu,2,1,3
HIPc177,2003,5/26/2003,RWB Enc 2,1,3,28,Oahu,3,28,4
HIPc177,2004,9/13/2004,RWB Enc 4,1,3,33,Hawaii,3,68,4
HIPc177,2010,10/15/2010,RWB Enc 2,1,3,128,Oahu,3,185,3
HIPc177,2015,10/27/2015,Doug Perrine,3,3,270,Hawaii,3,22,3
HIPc177,2015,11/11/2015,RWB Enc 5,1,3,269,Hawaii,3,214,3
HIPc178,2003,5/26/2003,RWB Enc 2,1,3,28,Oahu,1,44,3
HIPc179,2003,4/15/2003,Dan Salden,2,1,27,Maui,3,9,4
HIPc179,2004,9/13/2004,RWB Enc 4,1,1,33,Hawaii,3,51,4
HIPc179,2006,4/11/2006,Dan Salden,2,1,53,Maui,3,29,3
HIPc179,2008,7/16/2008,RWB Enc 1,1,1,79,Hawaii,3,168,4
HIPc179,2008,7/27/2008,RWB Enc 3,1,1,81,Hawaii,3,156,4
HIPc179,2010,8/11/2010,RWB Enc 1,1,1,114,Hawaii,3,37,3
HIPc179,2011,8/25/2011,RWB Enc 1,1,1,145,Hawaii,3,69,3
HIPc179,2011,10/26/2011,Jim Ward,3,1,191,Oahu,3,4,3
HIPc181,2004,9/13/2004,RWB Enc 4,1,1,33,Hawaii,3,68,4
HIPc181,2005,3/3/2005,Mark Deakos/Salden?,2,1,41,Maui,3,5,4
HIPc181,2006,2/23/2006,Dan Salden,2,1,50,Maui,3,31,4
HIPc181,2008,6/26/2008,DJM,2,1,77,Hawaii,3,22,4
HIPc181,2008,7/27/2008,RWB Enc 1,1,1,81,Hawaii,3,57,4
HIPc181,2008,8/1/2008,DJM,2,1,83,Hawaii,3,13,3
HIPc181,2009,10/5/2009,PIFSC,2,1,171,Oahu,3,73,4
HIPc181,2010,8/5/2010,RWB Enc 1,1,1,112,Hawaii,3,69,3
HIPc181,2010,8/6/2010,RWB Enc 2,1,1,113,Hawaii,3,74,3
HIPc181,2010,8/11/2010,RWB Enc 1,1,1,114,Hawaii,3,109,4
HIPc181,2011,4/12/2011,Mark Deakos,2,1,142,Maui,3,27,3
HIPc181,2011,8/25/2011,RWB Enc 1,1,1,145,Hawaii,3,52,4
HIPc181,2012,3/8/2012,DJM,2,1,160,Hawaii,3,17,4
HIPc181,2013,11/25/2013,Jim Ward,3,1,201,Oahu,3,55,3
HIPc181,2013,11/25/2013,Tori Cullins,2,1,202,Oahu,3,24,3
HIPc181,2013,12/29/2013,Doug Perrine,3,1,205,Hawaii,3,2,3
HIPc181,2015,11/16/2015,Tori Cullins/Paul Johnson/Jim Ault,2,1,271,Oahu,3,76,3
HIPc183,2003,3/21/2003,Dan Salden,2,1,26,Maui,2,1,3
HIPc184,2004,11/27/2004,RWB Enc 5,1,1,35,Hawaii,4,43,4
HIPc184,2009,12/19/2009,RWB Enc 1,1,1,108,Hawaii,4,104,4
HIPc184,2010,2/5/2010,Dan Salden,2,1,150,Maui,4,5,4
HIPc184,2012,3/8/2012,DJM,2,1,160,Hawaii,4,23,3
HIPc186,2004,9/13/2004,RWB Enc 4,1,3,33,Hawaii,4,124,4
HIPc186,2004,10/6/2004,RWB Enc 3,1,3,34,Hawaii,4,13,4
HIPc186,2009,12/10/2009,RWB Enc 4,1,3,106,Hawaii,4,155,4
HIPc186,2013,7/3/2013,Chuck Babbitt,3,3,182,Oahu,4,7,3
HIPc186,2014,5/17/2014,Chuck Babbitt,3,3,215,Oahu,4,4,3
HIPc187,2004,9/13/2004,RWB Enc 4,1,3,33,Hawaii,4,82,3
HIPc187,2004,10/6/2004,RWB Enc 3,1,3,34,Hawaii,4,28,4
HIPc187,2009,12/10/2009,RWB Enc 4,1,3,106,Hawaii,4,120,4
HIPc188,2004,9/13/2004,RWB Enc 4,1,3,33,Hawaii,3,14,4
HIPc188,2004,10/6/2004,RWB Enc 3,1,3,34,Hawaii,3,15,4
HIPc188,2008,9/10/2008,DJM/Doug Perrine,2,3,86,Hawaii,3,36,3
HIPc188,2010,10/15/2010,RWB Enc 2,1,3,128,Oahu,3,13,4
HIPc188,2010,12/11/2010,RWB Enc 2,1,3,137,Hawaii,3,206,4
HIPc188,2011,10/11/2011,Tori Cullins,2,3,155,Oahu,3,13,3
HIPc188,2011,10/26/2011,RWB Enc 1,1,3,158,Hawaii,3,31,3
HIPc188,2014,5/17/2014,Chuck Babbitt,3,3,215,Oahu,3,30,3
HIPc189,2004,9/13/2004,RWB Enc 4,1,3,33,Hawaii,3,12,3
HIPc189,2004,12/3/2004,RWB Enc 3,1,3,36,Hawaii,3,21,4
HIPc189,2008,9/10/2008,DJM,2,3,86,Hawaii,3,5,3
HIPc189,2014,5/17/2014,Chuck Babbitt,3,3,215,Oahu,3,8,4
HIPc189,2014,8/31/2014,Tori Cullins,2,3,219,Oahu,3,12,3
HIPc189,2015,1/1/2015,DJM/Deron/Doug Perrine/Julie Steelman,2,3,235,Hawaii,3,76,3
HIPc190,2004,10/6/2004,RWB Enc 3,1,3,34,Hawaii,3,45,4
HIPc190,2009,5/20/2009,Tori Cullins,2,3,97,Oahu,3,25,3
HIPc191,2004,10/6/2004,RWB Enc 3,1,3,34,Hawaii,2,70,4
HIPc192,2004,10/6/2004,RWB Enc 3,1,3,34,Hawaii,3,32,4
HIPc192,2004,11/27/2004,RWB Enc 5,1,3,35,Hawaii,3,67,4
HIPc192,2008,9/10/2008,DJM,2,3,86,Hawaii,3,20,3
HIPc192,2010,10/15/2010,RWB Enc 2,1,3,128,Oahu,4,28,4
HIPc192,2010,12/11/2010,RWB Enc 2,1,3,137,Hawaii,4,61,4
HIPc192,2011,10/26/2011,RWB Enc 1,1,3,158,Hawaii,4,233,4
HIPc192,2014,5/17/2014,Chuck Babbitt,3,3,215,Oahu,4,45,3
HIPc193,2003,5/26/2003,RWB Enc 2,1,3,28,Oahu,1,4,4
HIPc193,2004,12/3/2004,RWB Enc 3,1,3,36,Hawaii,2,2,3
HIPc193,2008,4/24/2008,Tori Cullins,2,3,73,Oahu,3,16,3
HIPc193,2008,9/10/2008,DJM,2,3,86,Hawaii,3,12,3
HIPc194,2004,9/13/2004,RWB Enc 4,1,2,33,Hawaii,3,2,3
HIPc194,2010,8/14/2010,RWB Enc 1,1,2,115,Hawaii,3,7,3
HIPc194,2011,8/20/2011,RWB Enc 1,1,2,144,Hawaii,3,170,3
HIPc196,2004,12/8/2004,RWB Enc 5,1,2,37,Hawaii,4,77,4
HIPc196,2011,8/20/2011,RWB Enc 1,1,2,144,Hawaii,4,126,4
HIPc196,2015,6/6/2015,RWB Enc 1,1,2,239,Hawaii,4,695,3
HIPc197,2004,12/8/2004,RWB Enc 5,1,2,37,Hawaii,4,61,4
HIPc197,2006,11/16/2006,RWB Enc 2,1,2,56,Hawaii,4,18,4
HIPc197,2010,8/14/2010,RWB Enc 1,1,2,115,Hawaii,4,61,4
HIPc197,2011,8/20/2011,RWB Enc 1,1,2,144,Hawaii,4,151,4
HIPc198,2004,12/3/2004,RWB Enc 3,1,3,36,Hawaii,4,31,4
HIPc198,2008,9/10/2008,DJM,2,3,86,Hawaii,4,6,4
HIPc198,2010,12/15/2010,RWB Enc 3,1,3,138,Hawaii,4,62,4
HIPc198,2011,10/26/2011,RWB Enc 1,1,3,158,Hawaii,4,231,3
HIPc198,2013,7/3/2013,Chuck Babbitt,3,3,182,Oahu,4,5,4
HIPc198,2014,5/17/2014,Chuck Babbitt,3,3,215,Oahu,4,6,3
HIPc198,2015,11/7/2015,Stranding,0,3,268,Hawaii,4,92,3
HIPc199,2004,12/3/2004,RWB Enc 3,1,3,36,Hawaii,3,11,4
HIPc199,2008,4/24/2008,Tori Cullins,2,3,73,Oahu,3,22,3
HIPc199,2008,9/10/2008,DJM,2,3,86,Hawaii,3,2,4
HIPc199,2010,11/27/2010,Stranding,0,3,136,Molokai,3,2,3
HIPc200,2004,12/3/2004,RWB Enc 3,1,3,36,Hawaii,4,131,4
HIPc200,2008,9/10/2008,DJM,2,3,86,Hawaii,4,19,4
HIPc200,2010,2/5/2010,Dan Salden,2,3,150,Maui,4,7,4
HIPc200,2010,10/15/2010,RWB Enc 2,1,3,128,Oahu,4,120,4
HIPc200,2010,12/11/2010,RWB Enc 2,1,3,137,Hawaii,4,36,3
HIPc201,2004,12/3/2004,RWB Enc 3,1,3,36,Hawaii,4,116,4
HIPc201,2008,9/10/2008,DJM,2,3,86,Hawaii,4,9,3
HIPc201,2010,10/15/2010,RWB Enc 2,1,3,128,Oahu,4,107,3
HIPc201,2014,5/17/2014,Chuck Babbitt,3,3,215,Oahu,4,19,3
HIPc201,2014,6/5/2014,Alicia Franco,3,3,221,Oahu,4,26,4
HIPc201,2014,8/31/2014,Tori Cullins,2,3,219,Oahu,4,19,3
HIPc202,2005,2/18/2005,CFWS,3,1,40,Maui,3,32,4
HIPc202,2005,3/3/2005,Mark Deakos/Salden?,2,1,41,Maui,3,18,4
HIPc202,2006,2/23/2006,Dan Salden,2,1,50,Maui,3,7,4
HIPc202,2007,8/15/2007,RWB Enc 4,1,1,63,Hawaii,3,87,4
HIPc202,2008,7/16/2008,RWB Enc 1,1,1,79,Hawaii,4,36,4
HIPc202,2009,10/16/2009,PIFSC,2,1,103,Oahu,4,160,4
HIPc202,2009,12/18/2009,RWB Enc 4,1,1,107,Hawaii,4,27,4
HIPc202,2010,8/5/2010,RWB Enc 1,1,1,112,Hawaii,4,208,4
HIPc202,2011,1/27/2011,DJM,2,1,139,Hawaii,4,89,3
HIPc202,2011,8/25/2011,RWB Enc 1,1,1,145,Hawaii,4,61,3
HIPc202,2012,3/8/2012,DJM,2,1,160,Hawaii,4,17,3
HIPc202,2012,9/1/2012,Tori Cullins/Chuck Babbitt,2,1,170,Oahu,4,142,4
HIPc202,2013,8/21/2013,Deron,3,1,188,Hawaii,4,2,3
HIPc202,2013,11/6/2013,CRC/Chuck Babbitt/Jim Ward,2,1,199,Oahu,4,19,4
HIPc202,2014,4/17/2014,DJM/Deron,2,1,214,Hawaii,4,16,3
HIPc203,2004,1/21/2004,Dan Salden,2,1,30,Maui,4,13,4
HIPc203,2005,3/3/2005,Mark Deakos/Salden?,2,1,41,Maui,4,18,4
HIPc203,2008,1/8/2008,Tori Cullins,2,1,68,Oahu,4,19,4
HIPc203,2008,6/26/2008,DJM,2,1,77,Hawaii,4,20,4
HIPc203,2008,7/26/2008,RWB Enc 1,1,1,80,Hawaii,4,159,4
HIPc203,2008,7/27/2008,RWB Enc 3,1,1,81,Hawaii,4,101,4
HIPc203,2008,8/28/2008,DJM/Doug Perrine,2,1,84,Hawaii,4,50,4
HIPc203,2009,4/8/2009,Dan Salden,2,1,100,Maui,4,4,4
HIPc203,2009,9/24/2009,Tori Cullins,2,1,98,Oahu,4,25,3
HIPc203,2009,10/5/2009,Tori Cullins,2,1,173,Oahu,4,7,3
HIPc203,2010,8/5/2010,RWB Enc 1,1,1,112,Hawaii,4,76,4
HIPc203,2010,8/11/2010,RWB Enc 1,1,1,114,Hawaii,4,39,3
HIPc203,2010,8/16/2010,RWB Enc 1,1,1,116,Hawaii,4,38,3
HIPc203,2011,2/25/2011,Dan Salden,2,1,141,Maui,4,23,4
HIPc203,2013,3/4/2013,DJM,2,1,180,Hawaii,4,55,4
HIPc203,2013,9/13/2013,Tori Cullins,2,1,189,Oahu,4,30,3
HIPc203,2013,11/6/2013,CRC/Chuck Babbitt/Jim Ward,2,1,199,Oahu,4,19,4
HIPc203,2013,12/29/2013,Doug Perrine,3,1,205,Hawaii,4,6,3
HIPc203,2014,4/15/2014,Andrea Bendlin,3,1,210,Maui,4,53,3
HIPc203,2014,11/4/2014,PIFSC,2,1,228,Oahu,4,93,4
HIPc203,2015,6/30/2015,Babbitt/Cullins/Johnson/Vitek,2,1,247,Oahu,4,96,3
HIPc204,2005,3/3/2005,Mark Deakos/Salden?,2,1,41,Maui,4,25,4
HIPc204,2007,10/18/2007,Tori Cullins,2,1,66,Oahu,4,3,3
HIPc204,2010,8/5/2010,RWB Enc 1,1,1,112,Hawaii,4,134,4
HIPc204,2010,8/11/2010,RWB Enc 1,1,1,114,Hawaii,4,98,4
HIPc204,2010,12/11/2010,RWB Enc 2,1,1,137,Hawaii,4,249,4
HIPc204,2011,2/25/2011,Dan Salden,2,1,141,Maui,4,5,4
HIPc204,2015,11/16/2015,Tori Cullins/Paul Johnson/Jim Ault,2,1,271,Oahu,4,36,3
HIPc205,2005,3/3/2005,Mark Deakos/Salden?,2,1,41,Maui,3,15,3
HIPc205,2006,2/23/2006,Dan Salden,2,1,50,Maui,3,21,3
HIPc205,2008,7/16/2008,RWB Enc 1,1,1,79,Hawaii,3,281,4
HIPc205,2008,8/1/2008,DJM,2,1,83,Hawaii,3,3,4
HIPc205,2008,10/4/2008,Tori Cullins,2,1,87,Oahu,3,5,4
HIPc205,2009,4/7/2009,Dan Salden,2,1,99,Maui,3,3,3
HIPc205,2009,9/24/2009,Tori Cullins,2,1,98,Oahu,3,9,3
HIPc205,2010,8/5/2010,RWB Enc 1,1,1,112,Hawaii,3,65,4
HIPc205,2010,10/22/2010,RWB Enc 2,1,1,131,Oahu,3,110,4
HIPc205,2011,1/27/2011,DJM,2,1,139,Hawaii,3,47,3
HIPc205,2011,4/12/2011,Mark Deakos,2,1,142,Maui,3,33,3
HIPc205,2011,8/25/2011,RWB Enc 1,1,1,145,Hawaii,3,46,3
HIPc205,2012,9/1/2012,Tori Cullins/Chuck Babbitt,2,1,170,Oahu,3,108,3
HIPc205,2014,4/17/2014,DJM/Deron,2,1,214,Hawaii,3,64,4
HIPc207,2005,3/3/2005,Mark Deakos/Salden?,2,2,41,Maui,3,31,4
HIPc207,2006,11/16/2006,RWB Enc 2,1,2,56,Hawaii,3,45,4
HIPc208,2001,2/28/2001,RWB Enc 1,1,1,22,Maui,3,4,3
HIPc208,2005,3/3/2005,Mark Deakos/Salden?,2,1,41,Maui,3,22,4
HIPc208,2006,2/23/2006,HIWS,2,1,50,Maui,3,16,4
HIPc208,2008,7/27/2008,RWB Enc 3,1,1,81,Hawaii,4,14,4
HIPc208,2008,8/1/2008,DJM,2,1,83,Hawaii,4,19,4
HIPc208,2009,4/8/2009,Dan Salden,2,1,100,Maui,4,2,4
HIPc208,2009,9/24/2009,Tori Cullins,2,1,98,Oahu,4,4,3
HIPc208,2009,10/16/2009,PIFSC,2,1,103,Oahu,4,51,4
HIPc208,2009,10/26/2009,Tori Cullins,2,1,105,Oahu,4,12,3
HIPc208,2010,8/5/2010,RWB Enc 1,1,1,112,Hawaii,4,58,4
HIPc208,2010,8/6/2010,RWB Enc 2,1,1,113,Hawaii,4,40,3
HIPc208,2010,8/16/2010,RWB Enc 1,1,1,116,Hawaii,4,205,4
HIPc208,2010,10/22/2010,RWB Enc 2,1,1,131,Oahu,4,62,4
HIPc208,2011,1/27/2011,DJM,2,1,139,Hawaii,4,72,4
HIPc208,2011,4/12/2011,Mark Deakos,2,1,142,Maui,4,31,3
HIPc208,2013,10/21/2013,RWB Enc 3,1,1,197,Hawaii,4,110,3
HIPc209,2004,1/21/2004,Dan Salden,2,1,30,Maui,4,3,3
HIPc209,2005,1/30/2005,Mark Deakos/Salden?,2,1,38,Maui,4,4,3
HIPc209,2005,3/3/2005,Mark Deakos/Salden?,2,1,41,Maui,4,62,4
HIPc209,2007,9/8/2007,Tori Cullins,2,1,64,Oahu,4,7,3
HIPc209,2008,6/26/2008,DJM,2,1,77,Hawaii,4,4,4
HIPc209,2008,7/26/2008,RWB Enc 1,1,1,80,Hawaii,4,289,4
HIPc209,2008,7/27/2008,RWB Enc 3,1,1,81,Hawaii,4,76,4
HIPc209,2009,4/8/2009,Dan Salden,2,1,100,Maui,4,3,4
HIPc209,2009,10/5/2009,Tori Cullins,2,1,173,Oahu,4,22,3
HIPc210,2001,2/28/2001,RWB Enc 1,1,1,22,Maui,4,7,4
HIPc210,2005,3/3/2005,Mark Deakos/Salden?,2,1,41,Maui,4,16,3
HIPc210,2006,2/23/2006,HIWS,2,1,50,Maui,4,28,4
HIPc210,2008,7/27/2008,RWB Enc 3,1,1,81,Hawaii,4,46,4
HIPc210,2008,8/1/2008,DJM,2,1,83,Hawaii,4,21,4
HIPc210,2009,4/8/2009,Dan Salden,2,1,100,Maui,4,10,4
HIPc210,2009,9/24/2009,Tori Cullins,2,1,98,Oahu,4,8,3
HIPc210,2009,10/16/2009,PIFSC,2,1,103,Oahu,4,56,4
HIPc210,2009,12/18/2009,RWB Enc 4,1,1,107,Oahu,4,25,3
HIPc210,2010,8/5/2010,RWB Enc 1,1,1,112,Hawaii,4,117,4
HIPc210,2010,8/16/2010,RWB Enc 1,1,1,116,Hawaii,4,76,3
HIPc210,2011,1/27/2011,DJM,2,1,139,Hawaii,4,44,3
HIPc210,2012,11/4/2012,Jim Ward,3,1,184,Oahu,4,33,3
HIPc210,2013,10/21/2013,RWB Enc 3,1,1,197,Hawaii,4,223,4
HIPc210,2014,4/17/2014,DJM/Deron,2,1,214,Hawaii,4,19,3
HIPc210,2014,11/28/2014,Tori Cullins,2,1,232,Oahu,4,5,3
HIPc211,2005,3/3/2005,Mark Deakos/Salden?,2,2,41,Maui,4,37,4
HIPc211,2011,8/20/2011,RWB Enc 1,1,2,144,Hawaii,4,82,4
HIPc212,2005,3/3/2005,Mark Deakos/Salden?,2,1,41,Maui,3,16,4
HIPc212,2008,6/26/2008,DJM,2,1,77,Hawaii,3,51,4
HIPc212,2008,7/26/2008,RWB Enc 1,1,1,80,Hawaii,3,233,4
HIPc212,2008,7/27/2008,RWB Enc 3,1,1,81,Hawaii,3,56,4
HIPc212,2008,8/1/2008,DJM,2,1,83,Hawaii,3,3,3
HIPc212,2008,8/29/2008,DJM,2,1,85,Hawaii,3,1+,4
HIPc212,2009,10/16/2009,PIFSC,2,1,103,Oahu,3,163,4
HIPc212,2010,7/28/2010,RWB Enc 2,1,1,111,Hawaii,3,77,4
HIPc212,2010,8/5/2010,RWB Enc 1,1,1,112,Hawaii,3,16,4
HIPc212,2010,8/11/2010,RWB Enc 1,1,1,114,Hawaii,3,27,3
HIPc212,2010,8/16/2010,RWB Enc 1,1,1,116,Hawaii,3,80,3
HIPc212,2015,6/30/2015,Babbitt/Cullins/Johnson/Vitek,2,1,247,Oahu,3,57,3
HIPc213,2006,4/11/2006,Dan Salden,2,1,53,Maui,4,12,3
HIPc213,2006,9/9/2006,DJM,2,1,55,Hawaii,4,25,4
HIPc213,2008,7/26/2008,RWB Enc 1,1,1,80,Hawaii,4,227,4
HIPc213,2008,8/1/2008,DJM,2,1,83,Hawaii,4,6,4
HIPc213,2009,10/5/2009,PIFSC,2,1,171,Oahu,4,152,4
HIPc213,2010,8/5/2010,RWB Enc 1,1,1,112,Hawaii,4,47,4
HIPc213,2010,8/6/2010,RWB Enc 2,1,1,113,Hawaii,4,42,4
HIPc214,2005,3/3/2005,Mark Deakos/Salden?,2,1,41,Maui,3,30,4
HIPc214,2006,2/16/2006,Dan Salden,2,1,49,Maui,3,17,3
HIPc214,2008,6/26/2008,DJM,2,1,77,Hawaii,3,66,4
HIPc214,2008,7/26/2008,RWB Enc 1,1,1,80,Hawaii,3,250,4
HIPc214,2008,7/27/2008,RWB Enc 3,1,1,81,Hawaii,3,66,4
HIPc214,2008,8/1/2008,DJM,2,1,83,Hawaii,3,11,4
HIPc214,2008,8/28/2008,DJM/Doug Perrine,2,1,84,Hawaii,3,84,4
HIPc214,2008,8/29/2008,DJM/Doug Perrine,2,1,85,Hawaii,3,1+,4
HIPc214,2008,9/10/2008,DJM/Doug Perrine,2,1,86,Hawaii,3,22,4
HIPc214,2009,5/20/2009,Tori Cullins,2,1,97,Oahu,3,16,3
HIPc214,2009,10/5/2009,Tori Cullins,2,1,173,Oahu,3,5,3
HIPc214,2009,10/16/2009,PIFSC,2,1,103,Oahu,3,293,4
HIPc214,2010,7/28/2010,RWB Enc 2,1,1,111,Hawaii,3,91,4
HIPc214,2010,8/5/2010,RWB Enc 1,1,1,112,Hawaii,3,28,3
HIPc214,2010,8/6/2010,RWB Enc 2,1,1,113,Hawaii,3,54,3
HIPc214,2010,8/11/2010,RWB Enc 1,1,1,114,Hawaii,3,21,3
HIPc214,2010,8/16/2010,RWB Enc 1,1,1,116,Hawaii,3,110,3
HIPc214,2013,4/28/2013,PIFSC,2,1,181,Oahu,3,20,3
HIPc214,2013,10/8/2013,Tori Cullins,2,1,196,Oahu,3,2,3
HIPc214,2014,6/5/2014,Tori Cullins,2,1,216,Oahu,3,16,3
HIPc214,2014,9/16/2014,Alexa Vitek,3,1,218,Oahu,3,32,3
HIPc214,2015,10/10/2015,Chuck Babbitt,3,1,261,Oahu,3,38,3
HIPc215,2005,3/3/2005,Mark Deakos/Salden?,2,1,41,Maui,3,11,4
HIPc215,2008,7/16/2008,RWB Enc 1,1,1,79,Hawaii,4,142,4
HIPc215,2008,7/26/2008,RWB Enc 1,1,1,80,Hawaii,4,56,4
HIPc215,2008,8/1/2008,DJM,2,1,83,Hawaii,4,17,4
HIPc216,2004,1/21/2004,Dan Salden,2,1,30,Maui,2,10,3
HIPc216,2005,3/3/2005,Mark Deakos/Salden?,2,1,41,Maui,2,21,3
HIPc216,2006,2/23/2006,HIWS,2,1,50,Maui,2,4,4
HIPc216,2008,6/26/2008,DJM,2,1,77,Hawaii,3,31,4
HIPc216,2008,7/26/2008,RWB Enc 1,1,1,80,Hawaii,3,2,3
HIPc216,2008,7/27/2008,RWB Enc 3,1,1,81,Hawaii,3,30,4
HIPc216,2008,8/1/2008,DJM,2,1,83,Hawaii,3,27,4
HIPc216,2008,8/28/2008,DJM,2,1,84,Hawaii,3,34,4
HIPc216,2009,4/8/2009,Dan Salden,2,1,100,Maui,3,8,3
HIPc216,2009,10/5/2009,Tori Cullins,2,1,173,Oahu,3,16,3
HIPc216,2010,7/28/2010,RWB Enc 2,1,1,111,Hawaii,3,156,3
HIPc216,2010,8/5/2010,RWB Enc 1,1,1,112,Hawaii,3,103,4
HIPc216,2010,8/11/2010,RWB Enc 1,1,1,114,Hawaii,3,106,4
HIPc216,2010,8/16/2010,RWB Enc 1,1,1,116,Hawaii,3,57,4
HIPc216,2011,7/20/2011,Kim New,3,1,153,Hawaii,3,11,3
HIPc216,2012,9/1/2012,Chuck Babbitt,3,1,170,Oahu,3,6,4
HIPc216,2013,3/6/2013,DJM,2,1,206,Hawaii,3,13,3
HIPc216,2013,10/8/2013,Tori Cullins,2,1,196,Oahu,3,51,3
HIPc216,2013,11/6/2013,CRC/Chuck Babbitt/Jim Ward,2,1,199,Oahu,3,3,3
HIPc216,2014,10/8/2014,RWB Enc 7,1,1,224,Kauai,3,268,4
HIPc216,2014,11/4/2014,PIFSC,2,1,228,Oahu,3,31,3
HIPc217,2005,3/3/2005,Mark Deakos/Salden?,2,1,41,Maui,2,42,4
HIPc217,2007,8/15/2007,RWB Enc 4,1,1,63,Hawaii,3,95,4
HIPc217,2008,6/26/2008,DJM,2,1,77,Hawaii,3,20,4
HIPc217,2008,7/27/2008,RWB Enc 3,1,1,81,Hawaii,3,62,4
HIPc217,2008,8/1/2008,DJM,2,1,83,Hawaii,3,10,3
HIPc217,2008,8/28/2008,DJM/Doug Perrine,2,1,84,Hawaii,3,36,4
HIPc217,2009,10/16/2009,PIFSC,2,1,103,Oahu,3,146,4
HIPc217,2010,8/11/2010,RWB Enc 1,1,1,114,Hawaii,3,47,4
HIPc217,2010,8/16/2010,RWB Enc 1,1,1,116,Hawaii,3,33,3
HIPc217,2011,8/25/2011,RWB Enc 1,1,1,145,Hawaii,3,70,3
HIPc217,2012,11/4/2012,Jim Ward,3,1,184,Oahu,3,37,3
HIPc217,2013,3/4/2013,DJM,2,1,180,Hawaii,3,81,4
HIPc217,2013,3/6/2013,DJM,2,1,206,Hawaii,3,9,3
HIPc217,2013,10/8/2013,Tori Cullins,2,1,196,Oahu,3,33,3
HIPc217,2014,10/8/2014,RWB Enc 7,1,1,224,Kauai,3,143,4
HIPc217,2015,10/10/2015,Chuck Babbitt,3,1,261,Oahu,3,62,3
HIPc217,2015,11/16/2015,Tori Cullins/Paul Johnson/Jim Ault,2,1,271,Oahu,3,17,3
HIPc218,2008,4/24/2008,Tori Cullins,2,1,73,Oahu,3,125,3
HIPc220,2005,8/7/2005,PICEAS,2,2,45,Hawaii,4,2,4
HIPc220,2015,6/6/2015,RWB Enc 1,1,2,239,Hawaii,4,65,3
HIPc221,2005,8/7/2005,PICEAS,2,2,45,Hawaii,3,1,3
HIPc221,2010,8/14/2010,RWB Enc 1,1,2,115,Hawaii,3,39,4
HIPc221,2011,8/20/2011,RWB Enc 1,1,2,144,Hawaii,3,61,3
HIPc222,2005,10/22/2005,DJM,2,2,47,Hawaii,4,79,4
HIPc222,2009,2/18/2009,PIFSC,2,2,93,Hawaii,4,3,4
HIPc222,2010,8/14/2010,RWB Enc 1,1,2,115,Hawaii,4,10,4
HIPc222,2011,8/20/2011,RWB Enc 1,1,2,144,Hawaii,4,93,4
HIPc223,2010,8/14/2010,RWB Enc 1,1,2,115,Hawaii,4,308,4
HIPc230,2005,10/22/2005,DJM,2,2,47,Hawaii,4,20,4
HIPc230,2011,8/20/2011,RWB Enc 1,1,2,144,Hawaii,4,106,4
HIPc231,2005,10/22/2005,DJM,2,2,47,Hawaii,2,31,4
HIPc231,2009,2/18/2009,PIFSC,2,2,93,Hawaii,4,3,4
HIPc231,2010,8/14/2010,RWB Enc 1,1,2,115,Hawaii,4,70,4
HIPc232,2005,10/22/2005,DJM,2,2,47,Hawaii,2,39,3
HIPc233,2005,10/22/2005,DJM,2,2,47,Hawaii,2,38,3
HIPc235,2010,8/14/2010,RWB Enc 1,1,2,115,Hawaii,2,27,4
HIPc235,2011,8/20/2011,RWB Enc 1,1,2,144,Hawaii,2,31,3
HIPc262,2006,2/16/2006,Dan Salden,2,1,49,Maui,4,9,4
HIPc262,2012,3/8/2012,DJM,2,1,160,Hawaii,4,28,3
HIPc263,2006,2/16/2006,Dan Salden,2,1,49,Maui,3,14,4
HIPc263,2010,2/5/2010,Dan Salden,2,1,150,Maui,3,2,3
HIPc264,2006,2/16/2006,Dan Salden,2,1,49,Maui,4,14,3
HIPc264,2012,3/12/2012,DJM,2,1,161,Hawaii,4,21,3
HIPc265,2006,2/16/2006,Dan Salden,2,1,49,Maui,3,14,3
HIPc266,2006,2/16/2006,Dan Salden,2,1,49,Maui,2,5,3
HIPc266,2009,10/16/2009,PIFSC,2,1,103,Oahu,2,24,4
HIPc266,2009,12/18/2009,RWB Enc 4,1,1,107,Hawaii,2,28,4
HIPc266,2009,12/19/2009,RWB Enc 1,1,1,108,Hawaii,2,237,4
HIPc267,2006,2/16/2006,Dan Salden,2,1,49,Maui,3,3,3
HIPc268,2006,2/16/2006,Dan Salden,2,1,49,Maui,2,12,4
HIPc268,2012,3/8/2012,DJM,2,1,160,Hawaii,2,13,3
HIPc269,2006,2/16/2006,Dan Salden,2,1,49,Maui,2,7,3
HIPc270,2009,12/19/2009,RWB Enc 1,1,1,108,Hawaii,3,123,4
HIPc271,2006,2/16/2006,Dan Salden,2,1,49,Maui,1,12,3
HIPc272,2006,9/9/2006,DJM,2,1,55,Hawaii,2,22,4
HIPc272,2007,10/18/2007,Tori Cullins,2,1,66,Oahu,2,16,4
HIPc272,2008,7/16/2008,RWB Enc 1,1,1,79,Hawaii,2,203,4
HIPc272,2008,7/26/2008,RWB Enc 1,1,1,80,Hawaii,2,30,3
HIPc272,2008,7/27/2008,RWB Enc 1,1,1,81,Hawaii,2,30,4
HIPc272,2009,10/5/2009,PIFSC,2,1,171,Oahu,2,113,4
HIPc272,2010,8/5/2010,RWB Enc 1,1,1,112,Hawaii,2,79,4
HIPc272,2010,8/16/2010,RWB Enc 1,1,1,116,Hawaii,2,17,3
HIPc272,2010,8/23/2010,Tori Cullins,2,1,118,Oahu,2,22,3
HIPc272,2010,10/22/2010,RWB Enc 2,1,1,131,Oahu,2,92,4
HIPc272,2014,4/17/2014,DJM,2,1,214,Hawaii,2,61,3
HIPc272,2014,11/4/2014,PIFSC,2,1,228,Oahu,2,19,3
HIPc273,2006,11/16/2006,RWB Enc 2,1,2,56,Hawaii,4,55,4
HIPc273,2010,8/14/2010,RWB Enc 1,1,2,115,Hawaii,4,202,4
HIPc273,2011,8/20/2011,RWB Enc 1,1,2,144,Hawaii,4,47,4
HIPc274,2006,11/23/2006,RWB Enc 2,1,2,58,Hawaii,2,9,4
HIPc274,2010,8/14/2010,RWB Enc 1,1,2,115,Hawaii,2,39,4
HIPc276,2004,1/21/2004,Dan Salden,2,1,30,Maui,1,4,4
HIPc276,2007,8/15/2007,RWB Enc 4,1,1,63,Hawaii,4,131,4
HIPc276,2008,6/26/2008,DJM,2,1,77,Hawaii,4,53,4
HIPc276,2008,8/1/2008,DJM,2,1,83,Hawaii,4,6,4
HIPc276,2008,8/28/2008,DJM/Doug Perrine,2,1,84,Hawaii,4,24,4
HIPc276,2008,8/29/2008,DJM/Doug Perrine,2,1,85,Hawaii,4,1+,4
HIPc276,2008,9/10/2008,DJM/Doug Perrine,2,1,86,Hawaii,4,20,4
HIPc276,2008,10/17/2008,Tori Cullins,2,1,88,Oahu,4,32,3
HIPc276,2009,4/7/2009,Dan Salden,2,1,99,Maui,4,4,3
HIPc276,2009,4/8/2009,Dan Salden,2,1,100,Maui,4,3,4
HIPc276,2009,10/5/2009,Tori Cullins,2,1,173,Oahu,4,22,3
HIPc276,2010,7/28/2010,RWB Enc 2,1,1,111,Hawaii,4,48,3
HIPc276,2011,8/25/2011,RWB Enc 1,1,1,145,Hawaii,4,35,3
HIPc276,2012,3/8/2012,DJM,2,1,160,Hawaii,4,4,3
HIPc276,2013,3/6/2013,DJM,2,1,206,Hawaii,4,16,3
HIPc276,2013,10/8/2013,Tori Cullins,2,1,196,Oahu,4,19,3
HIPc276,2013,11/6/2013,CRC/Chuck Babbitt/Jim Ward,2,1,199,Oahu,4,9,3
HIPc276,2014,4/15/2014,Andrea Bendlin,3,1,210,Maui,4,33,3
HIPc276,2014,11/4/2014,PIFSC,2,1,228,Oahu,4,21,3
HIPc276,2015,1/1/2015,DJM,2,1,245,Hawaii,4,86,3
HIPc276,2015,1/1/2015,DJM/Deron/Doug Perrine/Julie Steelman,2,1,235,Hawaii,4,16,3
HIPc276,2015,6/30/2015,Babbitt/Cullins/Johnson/Vitek,2,1,247,Oahu,4,149,3
HIPc276,2015,7/18/2015,Tori Cullins,2,1,252,Oahu,4,31,3
HIPc276,2015,9/19/2015,Tori Cullins,2,1,259,Oahu,4,14,3
HIPc280,2009,4/25/2009,Chuck Babbitt,3,1,96,Oahu,4,1,4
HIPc280,2011,10/20/2011,Tori Cullins,2,1,157,Oahu,4,31,3
HIPc280,2014,5/17/2014,Chuck Babbitt,3,1,215,Oahu,4,56,4
HIPc280,2015,1/5/2015,DJM,2,1,246,Hawaii,4,18,4
HIPc280,2015,2/21/2015,Andrea Bendlin,3,1,241,Maui,4,2,3
HIPc280,2015,11/16/2015,Tori Cullins/Paul Johnson/Jim Ault,2,1,271,Oahu,4,97,3
HIPc281,2008,6/26/2008,DJM,2,1,77,Hawaii,2,38,4
HIPc281,2008,7/26/2008,RWB Enc 1,1,1,80,Hawaii,2,267,4
HIPc281,2008,7/27/2008,RWB Enc 3,1,1,81,Hawaii,2,38,4
HIPc281,2008,8/1/2008,DJM,2,1,83,Hawaii,2,2,3
HIPc281,2008,8/29/2008,DJM,2,1,85,Hawaii,2,1+,3
HIPc281,2009,10/5/2009,Tori Cullins,2,1,173,Oahu,3,7,3
HIPc281,2009,10/16/2009,PIFSC,2,1,103,Oahu,3,214,4
HIPc281,2010,8/5/2010,RWB Enc 1,1,1,112,Hawaii,3,52,4
HIPc281,2010,8/11/2010,RWB Enc 1,1,1,114,Hawaii,3,22,3
HIPc281,2010,8/16/2010,RWB Enc 1,1,1,116,Hawaii,3,17,3
HIPc282,2005,3/3/2005,Mark Deakos,2,1,41,Maui,2,23,3
HIPc282,2008,6/26/2008,DJM,2,1,77,Hawaii,2,44,4
HIPc282,2008,7/26/2008,RWB Enc 1,1,1,80,Hawaii,2,368,4
HIPc282,2008,8/29/2008,DJM/Doug Perrine,2,1,85,Hawaii,2,1+,4
HIPc282,2009,10/5/2009,Tori Cullins,2,1,173,Oahu,2,11,3
HIPc282,2009,10/16/2009,PIFSC,2,1,103,Oahu,2,89,4
HIPc282,2010,8/5/2010,RWB Enc 1,1,1,112,Hawaii,2,23,3
HIPc299,2009,4/25/2009,Chuck Babbitt,3,3,96,Oahu,4,1,3
HIPc299,2009,10/14/2009,PIFSC,2,3,102,Oahu,4,111,4
HIPc301,2008,9/10/2008,DJM,2,3,86,Hawaii,2,9,3
HIPc301,2010,10/15/2010,RWB Enc 2,1,3,128,Oahu,4,89,4
HIPc301,2010,12/11/2010,RWB Enc 2,1,3,137,Hawaii,4,86,4
HIPc301,2011,10/26/2011,RWB Enc 1,1,3,158,Hawaii,4,46,3
HIPc301,2014,5/17/2014,Chuck Babbitt,3,3,215,Oahu,4,43,3
HIPc302,2004,9/13/2004,RWB Enc 4,1,3,33,Hawaii,1,9,3
HIPc302,2004,11/27/2004,RWB Enc 5,1,3,35,Hawaii,1,38,3
HIPc302,2004,12/3/2004,RWB Enc 3,1,3,36,Hawaii,1,81,3
HIPc302,2008,4/24/2008,Tori Cullins,2,3,73,Oahu,2,18,3
HIPc302,2008,9/10/2008,DJM,2,3,86,Hawaii,2,21,4
HIPc302,2010,10/15/2010,RWB Enc 2,1,3,128,Oahu,3,76,4
HIPc302,2010,12/11/2010,RWB Enc 2,1,3,137,Hawaii,3,53,4
HIPc302,2011,10/26/2011,RWB Enc 1,1,3,158,Hawaii,3,139,3
HIPc310,2008,6/26/2008,DJM,2,1,77,Hawaii,2,32,4
HIPc310,2008,7/27/2008,RWB Enc 3,1,1,81,Hawaii,2,24,4
HIPc310,2008,8/1/2008,DJM,2,1,83,Hawaii,2,7,4
HIPc310,2008,8/28/2008,DJM/Doug Perrine,2,1,84,Hawaii,2,52,4
HIPc310,2009,4/8/2009,Dan Salden,2,1,100,Maui,2,6,4
HIPc310,2009,9/24/2009,Tori Cullins,2,1,98,Oahu,2,12,3
HIPc310,2009,10/5/2009,Tori Cullins,2,1,173,Oahu,2,12,3
HIPc310,2009,10/16/2009,PIFSC,2,1,103,Oahu,2,79,4
HIPc310,2010,7/28/2010,RWB Enc 2,1,1,111,Hawaii,2,106,4
HIPc310,2010,8/5/2010,RWB Enc 1,1,1,112,Hawaii,2,19,4
HIPc310,2010,8/11/2010,RWB Enc 1,1,1,114,Hawaii,2,161,4
HIPc310,2010,8/16/2010,RWB Enc 1,1,1,116,Hawaii,2,5,3
HIPc310,2010,10/22/2010,Tori Cullins/RWB Enc2,2,1,131,Oahu,2,29,3
HIPc310,2011,2/25/2011,Dan Salden,2,1,141,Maui,2,7,3
HIPc310,2011,8/25/2011,RWB Enc 1,1,1,145,Hawaii,2,126,3
HIPc310,2012,9/1/2012,Chuck Babbitt,3,1,170,Oahu,2,22,3
HIPc310,2013,3/6/2013,DJM,2,1,206,Hawaii,2,24,3
HIPc310,2015,1/1/2015,DJM,2,1,245,Hawaii,3,16,3
HIPc310,2015,6/30/2015,Babbitt/Cullins/Johnson/Vitek,2,1,247,Oahu,3,54,3
HIPc310,2015,11/5/2015,Tori Cullins/Paul Johnson,2,1,262,Oahu,3,16,3
HIPc311,2007,9/8/2007,Tori Cullins,2,1,64,Oahu,1,5,3
HIPc311,2008,6/26/2008,DJM,2,1,77,Hawaii,1,13,4
HIPc311,2008,7/26/2008,RWB Enc 1,1,1,80,Hawaii,1,62,4
HIPc311,2008,7/27/2008,RWB Enc 3,1,1,81,Hawaii,1,24,3
HIPc311,2008,8/1/2008,DJM,2,1,83,Hawaii,1,12,4
HIPc311,2008,8/28/2008,DJM,2,1,84,Hawaii,1,12,4
HIPc311,2009,9/24/2009,Tori Cullins,2,1,98,Oahu,1,9,3
HIPc311,2009,10/5/2009,Tori Cullins,2,1,173,Oahu,1,5,3
HIPc311,2009,10/16/2009,PIFSC,2,1,103,Oahu,1,102,4
HIPc311,2010,7/28/2010,RWB Enc 2,1,1,111,Hawaii,1,147,3
HIPc311,2010,8/5/2010,RWB Enc 1,1,1,112,Hawaii,2,108,4
HIPc311,2010,8/11/2010,RWB Enc 1,1,1,114,Hawaii,2,133,4
HIPc311,2010,8/16/2010,RWB Enc 1,1,1,116,Hawaii,2,16,3
HIPc311,2010,10/22/2010,RWB Enc 2,1,1,131,Oahu,2,48,3
HIPc311,2011,4/12/2011,Mark Deakos,2,1,142,Maui,2,10,3
HIPc311,2011,7/20/2011,Kim New,3,1,153,Hawaii,2,20,4
HIPc311,2011,10/20/2011,Tori Cullins,2,1,157,Oahu,2,30,3
HIPc311,2012,9/1/2012,Chuck Babbitt,3,1,170,Oahu,2,9,4
HIPc311,2013,3/6/2013,DJM,2,1,206,Hawaii,2,41,4
HIPc311,2013,10/8/2013,Tori Cullins,2,1,196,Oahu,2,28,3
HIPc311,2014,10/8/2014,RWB Enc 7,1,1,224,Kauai,2,202,4
HIPc311,2014,11/4/2014,PIFSC,2,1,228,Oahu,2,54,3
HIPc312,2008,6/26/2008,DJM,2,1,77,Hawaii,2,16,4
HIPc312,2008,7/16/2008,RWB Enc 1,1,1,79,Hawaii,2,84,4
HIPc312,2008,7/26/2008,RWB Enc 1,1,1,80,Hawaii,2,55,3
HIPc312,2008,7/27/2008,RWB Enc 1,1,1,81,Hawaii,2,39,4
HIPc312,2008,8/1/2008,DJM,2,1,83,Hawaii,2,10,4
HIPc312,2009,10/5/2009,PIFSC,2,1,171,Oahu,2,14,3
HIPc312,2010,7/28/2010,RWB Enc 2,1,1,111,Hawaii,2,75,3
HIPc312,2010,8/5/2010,RWB Enc 1,1,1,112,Hawaii,2,26,4
HIPc312,2010,8/6/2010,RWB Enc 2,1,1,113,Hawaii,2,57,4
HIPc312,2010,8/11/2010,RWB Enc 1,1,1,114,Hawaii,2,31,4
HIPc312,2010,8/16/2010,RWB Enc 1,1,1,116,Hawaii,2,82,3
HIPc312,2011,4/12/2011,Mark Deakos,2,1,142,Maui,2,20,3
HIPc312,2011,7/20/2011,Kim New,3,1,153,Hawaii,2,20,3
HIPc312,2011,8/25/2011,RWB Enc 1,1,1,145,Hawaii,2,25,3
HIPc312,2013,3/6/2013,DJM,2,1,206,Hawaii,2,21,3
HIPc312,2013,11/25/2013,Tori Cullins,2,1,202,Oahu,2,30,3
HIPc312,2015,7/18/2015,Tori Cullins,2,1,252,Oahu,2,31,3
HIPc313,2000,3/4/2000,RWB,1,1,17,Maui,1,13,3
HIPc313,2005,3/3/2005,Mark Deakos,2,1,41,Maui,1,3,3
HIPc313,2008,6/26/2008,DJM,2,1,77,Hawaii,2,9,4
HIPc313,2008,7/16/2008,RWB Enc 1,1,1,79,Hawaii,2,165,4
HIPc313,2008,7/27/2008,RWB Enc 1&3,1,1,81,Hawaii,2,96,4
HIPc313,2008,8/1/2008,DJM,2,1,83,Hawaii,2,29,4
HIPc313,2009,10/5/2009,PIFSC,2,1,171,Oahu,2,143,4
HIPc313,2009,10/16/2009,PIFSC,2,1,103,Oahu,2,99,4
HIPc313,2010,7/28/2010,RWB Enc 2,1,1,111,Hawaii,3,109,3
HIPc313,2010,8/5/2010,RWB Enc 1,1,1,112,Hawaii,3,54,3
HIPc313,2010,8/6/2010,RWB Enc 2,1,1,113,Hawaii,3,109,3
HIPc313,2010,8/16/2010,RWB Enc 1,1,1,116,Hawaii,3,77,3
HIPc313,2012,12/6/2012,Tori Cullins,2,1,176,Oahu,3,14,3
HIPc314,2007,11/8/2007,Tori Cullins,2,1,67,Oahu,2,2,3
HIPc314,2008,6/26/2008,DJM,2,1,77,Hawaii,2,10,4
HIPc314,2008,7/16/2008,RWB Enc 1,1,1,79,Hawaii,2,72,4
HIPc314,2008,7/27/2008,RWB Enc 3,1,1,81,Hawaii,2,43,4
HIPc314,2008,8/1/2008,DJM,2,1,83,Hawaii,2,8,3
HIPc314,2009,10/5/2009,PIFSC,2,1,171,Oahu,2,222,4
HIPc314,2009,10/16/2009,PIFSC,2,1,103,Oahu,2,144,4
HIPc314,2010,7/28/2010,RWB Enc 2,1,1,111,Hawaii,2,79,3
HIPc314,2010,8/5/2010,RWB Enc 1,1,1,112,Hawaii,2,96,3
HIPc314,2010,8/6/2010,RWB Enc 2,1,1,113,Hawaii,2,279,4
HIPc314,2010,8/11/2010,RWB Enc 1,1,1,114,Hawaii,2,68,4
HIPc314,2010,8/16/2010,RWB Enc 1,1,1,116,Hawaii,2,34,4
HIPc314,2011,4/12/2011,Mark Deakos,2,1,142,Maui,2,29,3
HIPc314,2011,8/25/2011,RWB Enc 1,1,1,145,Hawaii,2,47,3
HIPc314,2015,1/5/2015,Deron Verbeck/Doug Perrine/JeffMilisen,3,1,244,Hawaii,2,3,3
HIPc315,2008,6/26/2008,DJM,2,1,77,Hawaii,2,7,4
HIPc315,2010,8/5/2010,RWB Enc 1,1,1,112,Hawaii,2,70,4
HIPc315,2010,8/6/2010,RWB Enc 2,1,1,113,Hawaii,2,119,3
HIPc316,2008,7/16/2008,RWB Enc 1,1,1,79,Hawaii,4,155,4
HIPc316,2008,7/27/2008,RWB Enc 3,1,1,81,Hawaii,4,24,4
HIPc316,2008,8/1/2008,DJM,2,1,83,Hawaii,4,19,4
HIPc316,2010,8/5/2010,RWB Enc 1,1,1,112,Hawaii,4,177,4
HIPc316,2010,8/6/2010,RWB Enc 2,1,1,113,Hawaii,4,137,4
HIPc316,2010,8/11/2010,RWB Enc 1,1,1,114,Hawaii,4,66,3
HIPc316,2010,8/16/2010,RWB Enc 1,1,1,116,Hawaii,4,98,3
HIPc316,2010,10/22/2010,Tori Cullins/RWB Enc2,2,1,131,Oahu,4,93,3
HIPc316,2011,8/25/2011,RWB Enc 1,1,1,145,Hawaii,4,47,4
HIPc316,2013,12/29/2013,Doug Perrine,3,1,205,Hawaii,4,1,3
HIPc317,2008,7/16/2008,RWB Enc 1,1,1,79,Hawaii,2,251,4
HIPc317,2008,7/27/2008,RWB Enc 3,1,1,81,Hawaii,2,76,4
HIPc317,2008,8/1/2008,DJM,2,1,83,Hawaii,2,5,4
HIPc317,2009,10/16/2009,PIFSC,2,1,103,Oahu,3,111,4
HIPc317,2009,12/18/2009,RWB Enc 4,1,1,107,Hawaii,3,15,3
HIPc317,2010,8/5/2010,RWB Enc 1,1,1,112,Hawaii,3,55,4
HIPc317,2010,8/6/2010,RWB Enc 2,1,1,113,Hawaii,3,102,3
HIPc317,2010,8/11/2010,RWB Enc 1,1,1,114,Hawaii,3,29,3
HIPc317,2014,4/17/2014,DJM,2,1,214,Hawaii,3,10,3
HIPc318,2008,1/8/2008,Tori Cullins,2,1,68,Oahu,3,7,3
HIPc318,2008,7/16/2008,RWB Enc 1,1,1,79,Hawaii,3,122,3
HIPc318,2008,7/26/2008,RWB Enc 1,1,1,80,Hawaii,3,26,3
HIPc318,2008,8/1/2008,DJM,2,1,83,Hawaii,3,29,4
HIPc318,2008,10/4/2008,Tori Cullins,2,1,87,Oahu,3,5,3
HIPc319,2008,7/16/2008,RWB Enc 1,1,1,79,Hawaii,1,90,3
HIPc319,2008,7/27/2008,RWB Enc 1&3,1,1,81,Hawaii,1,83,3
HIPc319,2008,8/1/2008,DJM,2,1,83,Hawaii,1,21,4
HIPc319,2009,10/5/2009,PIFSC,2,1,171,Oahu,1,116,4
HIPc319,2009,10/16/2009,PIFSC,2,1,103,Oahu,1,4,3
HIPc319,2010,7/28/2010,RWB Enc 2,1,1,111,Hawaii,1,106,3
HIPc319,2010,8/5/2010,RWB Enc 1,1,1,112,Hawaii,1,37,4
HIPc319,2010,8/6/2010,RWB Enc 2,1,1,113,Hawaii,1,119,4
HIPc319,2010,8/11/2010,RWB Enc 1,1,1,114,Hawaii,1,10,3
HIPc319,2010,8/16/2010,RWB Enc 1,1,1,116,Hawaii,1,43,3
HIPc319,2010,10/15/2010,RWB Enc 2,1,1,128,Oahu,1,20,3
HIPc319,2011,4/12/2011,Mark Deakos,2,1,142,Maui,1,5,3
HIPc319,2011,10/26/2011,Jim Ward,3,1,191,Oahu,1,19,3
HIPc320,2008,7/16/2008,RWB Enc 1,1,1,79,Hawaii,1,82,4
HIPc320,2008,7/26/2008,RWB Enc 1,1,1,80,Hawaii,1,85,4
HIPc320,2008,8/1/2008,DJM,2,1,83,Hawaii,1,13,4
HIPc320,2008,8/29/2008,DJM/Doug Perrine,2,1,85,Hawaii,1,1+,4
HIPc320,2008,10/17/2008,Tori Cullins,2,1,88,Oahu,1,11,3
HIPc320,2009,4/8/2009,Dan Salden,2,1,100,Maui,1,4,3
HIPc320,2009,10/17/2009,PIFSC,2,1,104,Oahu,1,171,4
HIPc320,2009,12/18/2009,RWB Enc 4,1,1,107,Hawaii,1,20,3
HIPc320,2010,8/5/2010,RWB Enc 1,1,1,112,Hawaii,1,18,4
HIPc320,2010,8/11/2010,RWB Enc 1,1,1,114,Hawaii,1,16,4
HIPc320,2010,8/16/2010,RWB Enc 1,1,1,116,Hawaii,1,35,4
HIPc320,2011,2/14/2011,Ed Lyman,3,1,140,Maui,1,4,3
HIPc320,2011,8/25/2011,RWB Enc 1,1,1,145,Hawaii,1,15,4
HIPc320,2013,3/6/2013,DJM,2,1,206,Hawaii,1,49,3
HIPc320,2013,9/13/2013,Tori Cullins,2,1,189,Oahu,1,30,3
HIPc320,2013,11/6/2013,CRC/Chuck Babbitt/Jim Ward,2,1,199,Oahu,1,8,3
HIPc320,2014,10/8/2014,RWB Enc 7,1,1,224,Kauai,1,53,3
HIPc321,2008,7/26/2008,RWB Enc 1,1,1,80,Hawaii,1,69,4
HIPc321,2010,7/28/2010,RWB Enc 2,1,1,111,Hawaii,2,137,3
HIPc321,2010,8/5/2010,RWB Enc 1,1,1,112,Hawaii,2,8,3
HIPc321,2010,8/11/2010,RWB Enc 1,1,1,114,Hawaii,2,7,3
HIPc321,2010,8/16/2010,RWB Enc 1,1,1,116,Hawaii,2,35,3
HIPc321,2011,8/25/2011,RWB Enc 1,1,1,145,Hawaii,2,52,4
HIPc321,2014,11/4/2014,PIFSC,2,1,228,Oahu,3,45,3
HIPc330,2008,8/1/2008,DJM,2,1,83,Hawaii,1,19,4
HIPc330,2010,10/22/2010,RWB Enc 2,1,1,131,Oahu,1,33,3
HIPc331,2010,8/5/2010,RWB Enc 1,1,1,112,Hawaii,1,91,4
HIPc332,2008,9/10/2008,DJM,2,3,86,Hawaii,2,16,3
HIPc332,2010,12/11/2010,RWB Enc 2,1,3,137,Hawaii,2,391,4
HIPc332,2011,10/26/2011,RWB Enc 1,1,3,158,Hawaii,2,280,3
HIPc332,2014,5/17/2014,Chuck Babbitt,3,3,215,Oahu,2,46,3
HIPc333,2008,9/10/2008,DJM,2,3,86,Hawaii,2,11,3
HIPc333,2010,10/15/2010,RWB Enc 2,1,3,128,Oahu,2,34,3
HIPc333,2015,11/11/2015,RWB Enc 5,1,3,269,Hawaii,3,340,4
HIPc334,2008,9/10/2008,DJM/Doug Perrine,2,3,86,Hawaii,4,21,3
HIPc335,2008,9/10/2008,DJM,2,3,86,Hawaii,4,10,4
HIPc335,2010,12/11/2010,RWB Enc 2,1,3,137,Hawaii,4,144,3
HIPc336,2008,9/10/2008,DJM,2,3,86,Hawaii,1,11,3
HIPc337,2008,9/10/2008,DJM/Doug Perrine,2,3,86,Hawaii,1,12,3
HIPc338,2010,8/14/2010,RWB Enc 1,1,2,115,Hawaii,3,156,4
HIPc338,2011,8/20/2011,RWB Enc 1,1,2,144,Hawaii,3,209,4
HIPc338,2015,6/6/2015,RWB Enc 1,1,2,239,Hawaii,4,749,3
HIPc339,2010,8/14/2010,RWB Enc 1,1,2,115,Hawaii,3,68,4
HIPc339,2011,8/20/2011,RWB Enc 1,1,2,144,Hawaii,3,112,4
HIPc340,2009,2/18/2009,PIFSC,2,2,93,Hawaii,3,3,3
HIPc346,2009,4/25/2009,Chuck Babbitt,3,3,96,Oahu,4,4,3
HIPc346,2009,12/10/2009,RWB Enc 4,1,3,106,Hawaii,4,97,4
HIPc347,2009,4/25/2009,Chuck Babbitt,3,3,96,Oahu,3,1,4
HIPc347,2009,12/10/2009,RWB Enc 4,1,3,106,Hawaii,3,79,3
HIPc349,2008,12/10/2008,RWB Enc 4,1,3,91,Hawaii,2,10,4
HIPc349,2015,12/5/2015,Doug Perrine,3,3,265,Hawaii,3,2,3
HIPc350,2010,10/15/2010,RWB Enc 2,1,3,128,Oahu,3,65,3
HIPc350,2015,10/27/2015,Doug Perrine,3,3,270,Hawaii,3,5,3
HIPc350,2015,11/11/2015,RWB Enc 5,1,3,269,Hawaii,3,247,3
HIPc351,2009,2/4/2009,Dan Salden,2,1,172,Maui,3,2,4
HIPc351,2009,12/18/2009,RWB Enc 4,1,1,107,Hawaii,3,348,4
HIPc351,2009,12/19/2009,RWB Enc 1,1,1,108,Hawaii,3,132,4
HIPc352,2009,2/4/2009,Dan Salden,2,1,172,Maui,2,2,4
HIPc352,2009,12/18/2009,RWB Enc 4,1,1,107,Hawaii,2,118,4
HIPc352,2009,12/19/2009,RWB Enc 1,1,1,108,Hawaii,2,106,4
HIPc353,2009,2/4/2009,Dan Salden,2,1,172,Maui,4,2,3
HIPc354,2009,10/5/2009,PIFSC,2,1,171,Oahu,3,34,4
HIPc355,2009,10/13/2009,PIFSC,2,3,101,Oahu,3,174,4
HIPc355,2009,12/10/2009,RWB Enc 4,1,3,106,Hawaii,3,74,4
HIPc356,2015,1/1/2015,DJM/Deron/Doug Perrine/Julie Steelman,2,1,235,Hawaii,4,37,3
HIPc357,2009,10/13/2009,PIFSC,2,1,101,Oahu,2,36,3
HIPc357,2015,1/5/2015,DJM,2,1,246,Hawaii,3,51,3
HIPc358,2009,10/13/2009,PIFSC,2,1,101,Oahu,4,40,3
HIPc358,2009,10/14/2009,PIFSC,2,1,102,Oahu,4,215,4
HIPc358,2010,8/5/2010,RWB Enc 1,1,1,112,Hawaii,4,41,4
HIPc358,2010,8/6/2010,RWB Enc 2,1,1,113,Hawaii,4,12,3
HIPc359,2009,10/13/2009,PIFSC,2,1,101,Oahu,1,37,3
HIPc359,2009,10/14/2009,PIFSC,2,1,102,Oahu,1,168,4
HIPc359,2010,8/5/2010,RWB Enc 1,1,1,112,Hawaii,2,10,4
HIPc359,2015,2/21/2015,Andrea Bendlin,3,1,241,Maui,2,2,3
HIPc360,2009,10/13/2009,PIFSC,2,1,101,Oahu,2,108,4
HIPc360,2009,10/14/2009,PIFSC,2,1,102,Oahu,2,86,4
HIPc360,2010,7/28/2010,RWB Enc 2,1,1,111,Hawaii,2,7,3
HIPc360,2010,8/5/2010,RWB Enc 1,1,1,112,Hawaii,2,32,4
HIPc361,2009,10/13/2009,PIFSC,2,1,101,Oahu,1,6,4
HIPc363,2010,8/5/2010,RWB Enc 1,1,1,112,Hawaii,1,37,3
HIPc363,2010,8/6/2010,RWB Enc 2,1,1,113,Hawaii,1,8,3
HIPc363,2010,8/16/2010,RWB Enc 1,1,1,116,Hawaii,1,51,3
HIPc363,2010,10/22/2010,RWB Enc 2,1,1,131,Oahu,1,28,3
HIPc363,2011,1/27/2011,DJM,2,1,139,Hawaii,1,63,3
HIPc363,2011,4/12/2011,Mark Deakos,2,1,142,Maui,1,23,3
HIPc363,2013,10/21/2013,RWB Enc 3,1,1,197,Hawaii,2,82,3
HIPc363,2014,4/17/2014,DJM,2,1,214,Hawaii,2,8,3
HIPc364,2009,12/10/2009,RWB Enc 4,1,3,106,Hawaii,4,71,4
HIPc365,2009,12/10/2009,RWB Enc 4,1,3,106,Hawaii,3,253,4
HIPc366,2009,12/10/2009,RWB Enc 4,1,3,106,Hawaii,2,78,4
HIPc366,2011,10/20/2011,Tori Cullins,2,3,157,Oahu,2,31,3
HIPc367,2009,12/10/2009,RWB Enc 4,1,3,106,Hawaii,1,112,4
HIPc368,2009,12/10/2009,RWB Enc 4,1,3,106,Hawaii,1,60,4
HIPc368,2015,1/1/2015,DJM/Deron/Doug Perrine/Julie Steelman,2,3,235,Hawaii,2,43,3
HIPc369,2009,12/10/2009,RWB Enc 4,1,3,106,Hawaii,2,48,3
HIPc371,2009,12/18/2009,RWB Enc 4,1,1,107,Hawaii,1,34,4
HIPc371,2009,12/19/2009,RWB Enc 1,1,1,108,Hawaii,1,140,4
HIPc372,2009,12/19/2009,RWB Enc 1,1,1,108,Hawaii,4,124,4
HIPc373,2009,12/19/2009,RWB Enc 1,1,1,108,Hawaii,3,33,4
HIPc373,2012,3/8/2012,DJM,2,1,160,Hawaii,3,16,3
HIPc373,2012,3/12/2012,DJM,2,1,161,Hawaii,3,12,3
HIPc376,2009,12/19/2009,RWB Enc 1,1,1,108,Hawaii,2,35,3
HIPc376,2012,3/8/2012,DJM,2,1,160,Hawaii,2,20,3
HIPc376,2012,3/12/2012,DJM,2,1,161,Hawaii,2,12,3
HIPc376,2015,12/23/2015,Katelyn McLeod,3,1,266,Maui,2,4,3
HIPc377,2009,12/19/2009,RWB Enc 1,1,1,108,Hawaii,3,57,3
HIPc377,2012,3/8/2012,DJM,2,1,160,Hawaii,3,7,3
HIPc378,2010,8/14/2010,RWB Enc 1,1,2,115,Hawaii,4,140,4
HIPc378,2011,8/20/2011,RWB Enc 1,1,2,144,Hawaii,4,92,3
HIPc379,2010,8/14/2010,RWB Enc 1,1,2,115,Hawaii,4,51,4
HIPc379,2011,8/20/2011,RWB Enc 1,1,2,144,Hawaii,4,139,3
HIPc380,2010,8/14/2010,RWB Enc 1,1,2,115,Hawaii,3,24,4
HIPc381,2010,8/14/2010,RWB Enc 1,1,2,115,Hawaii,4,32,4
HIPc381,2011,8/20/2011,RWB Enc 1,1,2,144,Hawaii,4,117,4
HIPc382,2010,8/14/2010,RWB Enc 1,1,2,115,Hawaii,4,96,4
HIPc382,2011,8/20/2011,RWB Enc 1,1,2,144,Hawaii,4,167,4
HIPc383,2010,8/14/2010,RWB Enc 1,1,2,115,Hawaii,4,97,4
HIPc383,2011,8/20/2011,RWB Enc 1,1,2,144,Hawaii,4,75,4
HIPc384,2010,8/14/2010,RWB Enc 1,1,2,115,Hawaii,2,25,4
HIPc384,2011,8/20/2011,RWB Enc 1,1,2,144,Hawaii,2,110,3
HIPc385,2010,8/14/2010,RWB Enc 1,1,2,115,Hawaii,1,52,4
HIPc386,2010,8/14/2010,RWB Enc 1,1,2,115,Hawaii,1,30,4
HIPc386,2011,8/20/2011,RWB Enc 1,1,2,144,Hawaii,1,31,4
HIPc387,2010,8/14/2010,RWB Enc 1,1,2,115,Hawaii,1,30,4
HIPc387,2011,8/20/2011,RWB Enc 1,1,2,144,Hawaii,2,276,3
HIPc389,2010,8/14/2010,RWB Enc 1,1,2,115,Hawaii,4,18,4
HIPc389,2011,8/20/2011,RWB Enc 1,1,2,144,Hawaii,4,62,4
HIPc390,2010,8/14/2010,RWB Enc 1,1,2,115,Hawaii,4,74,4
HIPc390,2011,8/20/2011,RWB Enc 1,1,2,144,Hawaii,4,41,4
HIPc391,2010,8/14/2010,RWB Enc 1,1,2,115,Hawaii,4,89,4
HIPc391,2011,8/20/2011,RWB Enc 1,1,2,144,Hawaii,4,51,3
HIPc391,2015,6/6/2015,RWB Enc 1,1,2,239,Hawaii,4,112,3
HIPc392,2010,8/14/2010,RWB Enc 1,1,2,115,Hawaii,3,83,4
HIPc392,2011,8/20/2011,RWB Enc 1,1,2,144,Hawaii,3,333,4
HIPc394,2010,8/14/2010,RWB Enc 1,1,2,115,Hawaii,4,32,4
HIPc395,2010,8/14/2010,RWB Enc 1,1,2,115,Hawaii,3,41,4
HIPc395,2011,8/20/2011,RWB Enc 1,1,2,144,Hawaii,3,279,3
HIPc396,2010,8/14/2010,RWB Enc 1,1,2,115,Hawaii,2,87,3
HIPc396,2011,8/20/2011,RWB Enc 1,1,2,144,Hawaii,2,73,3
HIPc397,2011,8/20/2011,RWB Enc 1,1,2,144,Hawaii,4,25,4
HIPc397,2015,6/6/2015,RWB Enc 1,1,2,239,Hawaii,4,945,4
HIPc398,2006,11/23/2006,RWB Enc 2,1,2,58,Hawaii,3,16,4
HIPc398,2010,8/14/2010,RWB Enc 1,1,2,115,Hawaii,4,76,4
HIPc398,2011,8/20/2011,RWB Enc 1,1,2,144,Hawaii,4,143,4
HIPc399,2010,8/14/2010,RWB Enc 1,1,2,115,Hawaii,1,44,4
HIPc399,2011,8/20/2011,RWB Enc 1,1,2,144,Hawaii,2,108,3
HIPc399,2015,6/6/2015,RWB Enc 1,1,2,239,Hawaii,3,722,4
HIPc400,2010,8/14/2010,RWB Enc 1,1,2,115,Hawaii,3,16,4
HIPc400,2011,8/20/2011,RWB Enc 1,1,2,144,Hawaii,3,62,3
HIPc400,2015,6/6/2015,RWB Enc 1,1,2,239,Hawaii,3,322,3
HIPc401,2010,8/14/2010,RWB Enc 1,1,2,115,Hawaii,3,71,4
HIPc401,2011,8/20/2011,RWB Enc 1,1,2,144,Hawaii,3,36,3
HIPc402,2010,8/14/2010,RWB Enc 1,1,2,115,Hawaii,2,18,4
HIPc402,2011,8/20/2011,RWB Enc 1,1,2,144,Hawaii,2,141,4
HIPc404,2010,8/14/2010,RWB Enc 1,1,2,115,Hawaii,1,16,4
HIPc405,2010,8/14/2010,RWB Enc 1,1,2,115,Hawaii,2,13,3
HIPc405,2011,8/20/2011,RWB Enc 1,1,2,144,Hawaii,2,89,3
HIPc405,2015,6/6/2015,RWB Enc 1,1,2,239,Hawaii,2,168,4
HIPc407,2010,10/15/2010,RWB Enc 2,1,3,128,Oahu,2,65,4
HIPc407,2010,12/11/2010,RWB Enc 2,1,3,137,Hawaii,2,96,4
HIPc407,2015,11/11/2015,RWB Enc 5,1,3,269,Hawaii,2,149,3
HIPc408,2010,10/15/2010,RWB Enc 2,1,3,128,Oahu,2,9,3
HIPc408,2010,12/11/2010,RWB Enc 2,1,3,137,Hawaii,2,63,4
HIPc410,2010,10/15/2010,RWB Enc 2,1,3,128,Oahu,2,41,3
HIPc411,2010,10/15/2010,RWB Enc 2,1,3,128,Oahu,1,35,4
HIPc412,2010,10/15/2010,RWB Enc 2,1,3,128,Oahu,1,7,3
HIPc412,2010,12/11/2010,RWB Enc 2,1,3,137,Hawaii,1,130,4
HIPc412,2013,7/3/2013,Chuck Babbitt,3,3,182,Oahu,1,5,3
HIPc413,2010,10/15/2010,RWB Enc 2,1,3,128,Oahu,1,9,4
HIPc413,2010,12/11/2010,RWB Enc 2,1,3,137,Hawaii,1,18,3
HIPc413,2011,10/26/2011,RWB Enc 1,1,3,158,Hawaii,1,22,3
HIPc415,2010,10/15/2010,RWB Enc 2,1,3,128,Oahu,1,8,4
HIPc416,2010,12/11/2010,RWB Enc 2,1,3,137,Hawaii,1,126,4
HIPc416,2011,10/26/2011,RWB Enc 1,1,3,158,Hawaii,1,149,3
HIPc495,2010,8/16/2010,RWB Enc 1,1,1,116,Hawaii,1,87,3
HIPc495,2010,10/22/2010,RWB Enc 2,1,1,131,Oahu,1,154,3
HIPc496,2011,1/27/2011,DJM,2,1,139,Hawaii,1,32,4
HIPc498,2011,8/20/2011,RWB Enc 1,1,2,144,Hawaii,2,434,3
HIPc499,2011,8/20/2011,RWB Enc 1,1,2,144,Hawaii,3,80,4
HIPc499,2015,6/6/2015,RWB Enc 1,1,2,239,Hawaii,3,470,3
HIPc500,2011,8/20/2011,RWB Enc 1,1,2,144,Hawaii,2,104,3
HIPc501,2011,8/20/2011,RWB Enc 1,1,2,144,Hawaii,1,23,4
HIPc502,2011,8/20/2011,RWB Enc 1,1,2,144,Hawaii,1,59,3
HIPc503,2011,8/20/2011,RWB Enc 1,1,2,144,Hawaii,1,92,3
HIPc506,2011,8/20/2011,RWB Enc 1,1,2,144,Hawaii,3,29,3
HIPc508,2015,2/21/2015,Andrea Bendlin,3,1,241,Maui,3,2,3
HIPc508,2015,11/16/2015,Tori Cullins/Paul Johnson/Jim Ault,2,1,271,Oahu,3,80,3
HIPc509,2010,2/5/2010,Dan Salden,2,1,150,Maui,4,1,4
HIPc510,2010,2/5/2010,Dan Salden,2,1,150,Maui,4,8,3
HIPc511,2010,2/10/2010,Dan Salden,2,1,156,Maui,3,3,3
HIPc516,2012,3/12/2012,DJM,2,1,161,Hawaii,3,35,3
HIPc516,2012,3/17/2012,Deron,3,1,162,Hawaii,3,2,3
HIPc517,2012,3/12/2012,DJM,2,1,161,Hawaii,1,32,3
HIPc517,2012,3/17/2012,Deron,3,1,162,Hawaii,1,1,3
HIPc518,2012,3/12/2012,DJM,2,1,161,Hawaii,2,20,3
HIPc559,2004,9/13/2004,RWB Enc 4,1,3,33,Hawaii,1,12,4
HIPc559,2004,10/6/2004,RWB Enc 3,1,3,34,Hawaii,1,36,3
HIPc559,2004,11/27/2004,RWB Enc 5,1,3,35,Hawaii,1,32,3
HIPc560,2004,9/13/2004,RWB Enc 4,1,3,33,Hawaii,1,23,3
HIPc561,2004,9/13/2004,RWB Enc 4,1,3,33,Hawaii,1,7,3
HIPc562,2004,9/13/2004,RWB Enc 4,1,3,33,Hawaii,2,2,3
HIPc562,2004,10/6/2004,RWB Enc 3,1,3,34,Hawaii,2,45,3
HIPc563,2004,9/13/2004,RWB Enc 4,1,3,33,Hawaii,1,8,3
HIPc569,2006,11/16/2006,RWB Enc 2,1,2,56,Hawaii,1,19,4
HIPc570,2009,5/20/2009,Tori Cullins,2,3,97,Oahu,1,12,3
HIPc571,2012,11/4/2012,Tori Cullins,2,1,175,Oahu,2,50,3
HIPc571,2012,12/6/2012,Tori Cullins,2,1,176,Oahu,2,26,3
HIPc571,2013,3/6/2013,DJM,2,1,206,Hawaii,2,13,3
HIPc571,2013,11/6/2013,CRC/Chuck Babbitt/Jim Ward,2,1,199,Oahu,2,2,3
HIPc571,2014,11/4/2014,PIFSC,2,1,228,Oahu,2,74,4
HIPc571,2014,11/28/2014,Tori Cullins,2,1,232,Oahu,2,4,3
HIPc571,2015,6/30/2015,Babbitt/Cullins/Johnson/Vitek,2,1,247,Oahu,2,229,3
HIPc571,2015,11/5/2015,Tori Cullins/Paul Johnson,2,1,262,Oahu,2,29,3
HIPc572,2012,11/4/2012,Tori Cullins,2,1,175,Oahu,2,4,3
HIPc573,2012,12/6/2012,Tori Cullins,2,1,176,Oahu,2,31,3
HIPc574,2013,3/6/2013,DJM,2,1,206,Hawaii,1,15,3
HIPc574,2015,6/30/2015,Babbitt/Cullins/Johnson/Vitek,2,1,247,Oahu,2,60,3
HIPc574,2015,9/19/2015,Jim Ault,3,1,258,Oahu,2,37,3
HIPc574,2015,11/5/2015,Tori Cullins/Paul Johnson,2,1,262,Oahu,2,20,3
HIPc633,2013,11/6/2013,Chuck Babbitt,2,2,199,Oahu,3,37,4
HIPc633,2014,4/17/2014,DJM,2,2,214,Hawaii,3,110,3
HIPc633,2015,6/6/2015,RWB Enc 1,1,2,239,Hawaii,3,264,3
HIPc634,2014,4/17/2014,DJM,2,1,214,Hawaii,2,68,3
HIPc634,2015,1/1/2015,DJM,2,1,245,Hawaii,2,29,3
HIPc635,2015,3/7/2015,Jessica Chen/UH,3,1,242,Maui,2,56,3
HIPc636,2015,11/5/2015,Tori Cullins/Paul Johnson,2,1,262,Oahu,1,99,3
HIPc637,2014,5/17/2014,Chuck Babbitt,3,3,215,Oahu,3,29,3
HIPc638,2014,5/17/2014,Chuck Babbitt,3,3,215,Oahu,1,34,3
HIPc640,2014,6/5/2014,Tori Cullins,2,1,216,Oahu,3,39,4
HIPc641,2015,10/10/2015,Chuck Babbitt,3,1,261,Oahu,1,26,3
HIPc645,2014,6/5/2014,Alicia Franco,3,3,221,Oahu,2,48,3
HIPc646,2015,10/10/2015,Chuck Babbitt,3,1,261,Oahu,1,19,3
HIPc648,2015,1/1/2015,DJM/Deron/Doug Perrine/Julie Steelman,2,1,235,Hawaii,2,2,3
HIPc648,2015,1/5/2015,DJM,2,1,246,Hawaii,2,8,3
HIPc656,2015,6/6/2015,RWB Enc 1,1,2,239,Hawaii,3,827,4
HIPc658,2015,6/6/2015,RWB Enc 1,1,2,239,Hawaii,1,502,3
HIPc660,2015,6/6/2015,RWB Enc 1,1,2,239,Hawaii,2,243,3
HIPc661,2015,6/6/2015,RWB Enc 1,1,2,239,Hawaii,2,126,3
HIPc664,2015,6/6/2015,RWB Enc 1,1,2,239,Hawaii,1,216,3
HIPc665,2015,6/6/2015,RWB Enc 1,1,2,239,Hawaii,1,250,4
HIPc687,2015,12/5/2015,Doug Perrine,3,3,265,Hawaii,3,6,3
